date,high
1/12/14,370
2/12/14,378
3/12/14,378
4/12/14,378
5/12/14,377
6/12/14,378
7/12/14,378
8/12/14,378
9/12/14,375
10/12/14,398
11/12/14,361
12/12/14,379
13/12/14,350
14/12/14,350
15/12/14,350
16/12/14,350
17/12/14,350
18/12/14,350
19/12/14,340
20/12/14,340
21/12/14,340
22/12/14,340
23/12/14,340
24/12/14,340
25/12/14,340
26/12/14,340
27/12/14,340
28/12/14,340
29/12/14,340
30/12/14,340
31/12/14,340
1/1/15,340
2/1/15,340
3/1/15,340
4/1/15,340
5/1/15,340
6/1/15,340
7/1/15,340
8/1/15,360
9/1/15,289
10/1/15,289
11/1/15,289
12/1/15,289
13/1/15,289
14/1/15,260
15/1/15,224
16/1/15,226
17/1/15,210
18/1/15,184
19/1/15,226
20/1/15,226
21/1/15,226
22/1/15,258
23/1/15,235
24/1/15,251
25/1/15,256
26/1/15,323
27/1/15,278
28/1/15,266
29/1/15,242
30/1/15,245
31/1/15,235
1/2/15,234
2/2/15,240
3/2/15,244
4/2/15,231
5/2/15,229
6/2/15,227
7/2/15,231
8/2/15,232
9/2/15,225
10/2/15,223
11/2/15,224
12/2/15,225
13/2/15,242
14/2/15,260
15/2/15,268
16/2/15,241
17/2/15,248
18/2/15,246
19/2/15,245
20/2/15,248
21/2/15,248
22/2/15,247
23/2/15,241
24/2/15,241
25/2/15,241
26/2/15,238
27/2/15,259
28/2/15,257
1/3/15,260
2/3/15,275
3/3/15,290
4/3/15,287
5/3/15,281
6/3/15,280
7/3/15,279
8/3/15,279
9/3/15,294
10/3/15,299
11/3/15,298
12/3/15,299
13/3/15,297
14/3/15,289
15/3/15,289
16/3/15,295
17/3/15,294
18/3/15,287
19/3/15,267
20/3/15,267
21/3/15,264
22/3/15,271
23/3/15,274
24/3/15,269
25/3/15,250
26/3/15,255
27/3/15,251
28/3/15,255
29/3/15,254
30/3/15,250
31/3/15,250
1/4/15,248
2/4/15,255
3/4/15,257
4/4/15,257
5/4/15,262
6/4/15,263
7/4/15,258
8/4/15,256
9/4/15,248
10/4/15,245
11/4/15,240
12/4/15,239
13/4/15,238
14/4/15,222
15/4/15,224
16/4/15,231
17/4/15,230
18/4/15,224
19/4/15,227
20/4/15,227
21/4/15,236
22/4/15,239
23/4/15,236
24/4/15,237
25/4/15,234
26/4/15,228
27/4/15,231
28/4/15,229
29/4/15,227
30/4/15,240
1/5/15,239
2/5/15,237
3/5/15,243
4/5/15,244
5/5/15,240
6/5/15,238
7/5/15,239
8/5/15,247
9/5/15,248
10/5/15,245
11/5/15,245
12/5/15,243
13/5/15,244
14/5/15,240
15/5/15,239
16/5/15,238
17/5/15,238
18/5/15,238
19/5/15,235
20/5/15,235
21/5/15,237
22/5/15,242
23/5/15,241
24/5/15,242
25/5/15,241
26/5/15,238
27/5/15,239
28/5/15,238
29/5/15,238
30/5/15,237
31/5/15,234
1/6/15,231
2/6/15,227
3/6/15,227
4/6/15,226
5/6/15,227
6/6/15,226
7/6/15,226
8/6/15,230
9/6/15,232
10/6/15,230
11/6/15,231
12/6/15,231
13/6/15,233
14/6/15,235
15/6/15,239
16/6/15,253
17/6/15,259
18/6/15,253
19/6/15,251
20/6/15,247
21/6/15,247
22/6/15,249
23/6/15,248
24/6/15,245
25/6/15,243
26/6/15,243
27/6/15,252
28/6/15,252
29/6/15,258
30/6/15,269
1/7/15,265
2/7/15,262
3/7/15,257
4/7/15,261
5/7/15,275
6/7/15,278
7/7/15,272
8/7/15,274
9/7/15,273
10/7/15,295
11/7/15,299
12/7/15,317
13/7/15,313
14/7/15,298
15/7/15,294
16/7/15,293
17/7/15,281
18/7/15,283
19/7/15,278
20/7/15,280
21/7/15,281
22/7/15,279
23/7/15,280
24/7/15,292
25/7/15,292
26/7/15,294
27/7/15,297
28/7/15,298
29/7/15,297
30/7/15,292
31/7/15,290
1/8/15,286
2/8/15,283
3/8/15,286
4/8/15,286
5/8/15,286
6/8/15,283
7/8/15,281
8/8/15,280
9/8/15,269
10/8/15,269
11/8/15,272
12/8/15,272
13/8/15,269
14/8/15,268
15/8/15,268
16/8/15,263
17/8/15,262
18/8/15,259
19/8/15,247
20/8/15,238
21/8/15,237
22/8/15,236
23/8/15,233
24/8/15,230
25/8/15,229
26/8/15,232
27/8/15,230
28/8/15,236
29/8/15,234
30/8/15,233
31/8/15,233
1/9/15,234
2/9/15,231
3/9/15,231
4/9/15,232
5/9/15,232
6/9/15,245
7/9/15,243
8/9/15,248
9/9/15,245
10/9/15,241
11/9/15,242
12/9/15,241
13/9/15,237
14/9/15,234
15/9/15,232
16/9/15,232
17/9/15,236
18/9/15,235
19/9/15,234
20/9/15,234
21/9/15,234
22/9/15,233
23/9/15,233
24/9/15,236
25/9/15,238
26/9/15,236
27/9/15,235
28/9/15,240
29/9/15,241
30/9/15,239
1/10/15,240
2/10/15,239
3/10/15,241
4/10/15,240
5/10/15,241
6/10/15,248
7/10/15,248
8/10/15,245
9/10/15,245
10/10/15,246
11/10/15,250
12/10/15,249
13/10/15,252
14/10/15,255
15/10/15,257
16/10/15,268
17/10/15,275
18/10/15,274
19/10/15,268
20/10/15,273
21/10/15,273
22/10/15,280
23/10/15,281
24/10/15,284
25/10/15,296
26/10/15,289
27/10/15,298
28/10/15,309
29/10/15,321
30/10/15,337
31/10/15,334
1/11/15,332
2/11/15,372
3/11/15,422
4/11/15,500
5/11/15,450
6/11/15,395
7/11/15,392
8/11/15,389
9/11/15,387
10/11/15,382
11/11/15,342
12/11/15,345
13/11/15,343
14/11/15,340
15/11/15,336
16/11/15,334
17/11/15,341
18/11/15,338
19/11/15,337
20/11/15,327
21/11/15,328
22/11/15,327
23/11/15,326
24/11/15,323
25/11/15,330
26/11/15,368
27/11/15,364
28/11/15,360
29/11/15,374
30/11/15,383
1/12/15,379
2/12/15,363
3/12/15,370
4/12/15,365
5/12/15,390
6/12/15,401
7/12/15,398
8/12/15,409
9/12/15,425
10/12/15,420
11/12/15,453
12/12/15,469
13/12/15,444
14/12/15,450
15/12/15,465
16/12/15,465
17/12/15,456
18/12/15,465
19/12/15,466
20/12/15,461
21/12/15,444
22/12/15,442
23/12/15,445
24/12/15,460
25/12/15,459
26/12/15,458
27/12/15,430
28/12/15,430
29/12/15,433
30/12/15,435
31/12/15,434
1/1/16,437
2/1/16,438
3/1/16,436
4/1/16,436
5/1/16,436
6/1/16,433
7/1/16,459
8/1/16,464
9/1/16,456
10/1/16,451
11/1/16,453
12/1/16,449
13/1/16,447
14/1/16,435
15/1/16,431
16/1/16,388
17/1/16,391
18/1/16,386
19/1/16,386
20/1/16,425
21/1/16,425
22/1/16,414
23/1/16,399
24/1/16,407
25/1/16,404
26/1/16,397
27/1/16,397
28/1/16,395
29/1/16,385
30/1/16,382
31/1/16,383
1/2/16,379
2/2/16,374
3/2/16,373
4/2/16,391
5/2/16,390
6/2/16,385
7/2/16,380
8/2/16,379
9/2/16,375
10/2/16,383
11/2/16,380
12/2/16,382
13/2/16,396
14/2/16,405
15/2/16,409
16/2/16,408
17/2/16,420
18/2/16,423
19/2/16,422
20/2/16,444
21/2/16,449
22/2/16,439
23/2/16,441
24/2/16,426
25/2/16,426
26/2/16,428
27/2/16,435
28/2/16,436
29/2/16,442
1/3/16,438
2/3/16,435
3/3/16,424
4/3/16,422
5/3/16,409
6/3/16,409
7/3/16,419
8/3/16,416
9/3/16,414
10/3/16,417
11/3/16,421
12/3/16,421
13/3/16,416
14/3/16,416
15/3/16,417
16/3/16,416
17/3/16,420
18/3/16,419
19/3/16,411
20/3/16,415
21/3/16,414
22/3/16,418
23/3/16,419
24/3/16,418
25/3/16,417
26/3/16,418
27/3/16,427
28/3/16,425
29/3/16,425
30/3/16,417
31/3/16,418
1/4/16,418
2/4/16,421
3/4/16,421
4/4/16,421
5/4/16,423
6/4/16,423
7/4/16,423
8/4/16,425
9/4/16,420
10/4/16,424
11/4/16,424
12/4/16,430
13/4/16,429
14/4/16,428
15/4/16,431
16/4/16,435
17/4/16,435
18/4/16,435
19/4/16,438
20/4/16,444
21/4/16,454
22/4/16,453
23/4/16,456
24/4/16,465
25/4/16,472
26/4/16,472
27/4/16,471
28/4/16,452
29/4/16,459
30/4/16,459
1/5/16,457
2/5/16,458
3/5/16,453
4/5/16,453
5/5/16,452
6/5/16,464
7/5/16,464
8/5/16,465
9/5/16,466
10/5/16,465
11/5/16,459
12/5/16,457
13/5/16,458
14/5/16,460
15/5/16,464
16/5/16,462
17/5/16,457
18/5/16,458
19/5/16,456
20/5/16,446
21/5/16,447
22/5/16,446
23/5/16,446
24/5/16,449
25/5/16,452
26/5/16,455
27/5/16,477
28/5/16,539
29/5/16,550
30/5/16,541
31/5/16,545
1/6/16,542
2/6/16,541
3/6/16,578
4/6/16,595
5/6/16,585
6/6/16,588
7/6/16,591
8/6/16,584
9/6/16,584
10/6/16,581
11/6/16,596
12/6/16,688
13/6/16,720
14/6/16,706
15/6/16,696
16/6/16,778
17/6/16,778
18/6/16,785
19/6/16,772
20/6/16,769
21/6/16,730
22/6/16,680
23/6/16,638
24/6/16,700
25/6/16,699
26/6/16,678
27/6/16,660
28/6/16,664
29/6/16,649
30/6/16,675
1/7/16,689
2/7/16,702
3/7/16,705
4/7/16,684
5/7/16,682
6/7/16,681
7/7/16,683
8/7/16,667
9/7/16,667
10/7/16,659
11/7/16,664
12/7/16,676
13/7/16,674
14/7/16,664
15/7/16,670
16/7/16,670
17/7/16,681
18/7/16,685
19/7/16,677
20/7/16,675
21/7/16,668
22/7/16,670
23/7/16,662
24/7/16,666
25/7/16,664
26/7/16,659
27/7/16,659
28/7/16,660
29/7/16,659
30/7/16,659
31/7/16,657
1/8/16,629
2/8/16,613
3/8/16,576
4/8/16,600
5/8/16,593
6/8/16,591
7/8/16,599
8/8/16,596
9/8/16,594
10/8/16,601
11/8/16,600
12/8/16,590
13/8/16,590
14/8/16,587
15/8/16,575
16/8/16,582
17/8/16,582
18/8/16,577
19/8/16,577
20/8/16,583
21/8/16,584
22/8/16,587
23/8/16,587
24/8/16,583
25/8/16,579
26/8/16,580
27/8/16,579
28/8/16,575
29/8/16,578
30/8/16,577
31/8/16,575
1/9/16,573
2/9/16,578
3/9/16,601
4/9/16,617
5/9/16,612
6/9/16,613
7/9/16,619
8/9/16,631
9/9/16,629
10/9/16,627
11/9/16,630
12/9/16,609
13/9/16,610
14/9/16,612
15/9/16,609
16/9/16,608
17/9/16,609
18/9/16,612
19/9/16,612
20/9/16,610
21/9/16,610
22/9/16,599
23/9/16,603
24/9/16,606
25/9/16,606
26/9/16,608
27/9/16,608
28/9/16,606
29/9/16,607
30/9/16,608
1/10/16,617
2/10/16,616
3/10/16,615
4/10/16,613
5/10/16,614
6/10/16,613
7/10/16,619
8/10/16,620
9/10/16,620
10/10/16,619
11/10/16,644
12/10/16,647
13/10/16,640
14/10/16,640
15/10/16,640
16/10/16,644
17/10/16,643
18/10/16,640
19/10/16,637
20/10/16,630
21/10/16,633
22/10/16,658
23/10/16,656
24/10/16,653
25/10/16,658
26/10/16,678
27/10/16,692
28/10/16,692
29/10/16,726
30/10/16,718
31/10/16,710
1/11/16,738
2/11/16,736
3/11/16,746
4/11/16,708
5/11/16,708
6/11/16,720
7/11/16,718
8/11/16,716
9/11/16,747
10/11/16,724
11/11/16,719
12/11/16,717
13/11/16,706
14/11/16,709
15/11/16,716
16/11/16,744
17/11/16,750
18/11/16,751
19/11/16,752
20/11/16,754
21/11/16,738
22/11/16,749
23/11/16,747
24/11/16,744
25/11/16,739
26/11/16,740
27/11/16,738
28/11/16,736
29/11/16,734
30/11/16,745
1/12/16,755
2/12/16,780
3/12/16,773
4/12/16,770
5/12/16,768
6/12/16,757
7/12/16,769
8/12/16,773
9/12/16,773
10/12/16,777
11/12/16,776
12/12/16,782
13/12/16,790
14/12/16,782
15/12/16,780
16/12/16,785
17/12/16,792
18/12/16,792
19/12/16,795
20/12/16,798
21/12/16,832
22/12/16,876
23/12/16,918
24/12/16,919
25/12/16,897
26/12/16,908
27/12/16,943
28/12/16,982
29/12/16,989
30/12/16,979
31/12/16,972
1/1/17,1000
2/1/17,1034
3/1/17,1037
4/1/17,1147
5/1/17,1175
6/1/17,1034
7/1/17,910
8/1/17,954
9/1/17,924
10/1/17,915
11/1/17,924
12/1/17,840
13/1/17,835
14/1/17,848
15/1/17,833
16/1/17,840
17/1/17,909
18/1/17,917
19/1/17,907
20/1/17,905
21/1/17,930
22/1/17,946
23/1/17,931
24/1/17,924
25/1/17,904
26/1/17,922
27/1/17,924
28/1/17,926
29/1/17,927
30/1/17,924
31/1/17,971
1/2/17,991
2/2/17,1010
3/2/17,1025
4/2/17,1044
5/2/17,1036
6/2/17,1028
7/2/17,1058
8/2/17,1070
9/2/17,1079
10/2/17,1008
11/2/17,1024
12/2/17,1019
13/2/17,1022
14/2/17,1019
15/2/17,1016
16/2/17,1042
17/2/17,1065
18/2/17,1074
19/2/17,1068
20/2/17,1095
21/2/17,1133
22/2/17,1140
23/2/17,1197
24/2/17,1222
25/2/17,1189
26/2/17,1187
27/2/17,1199
28/2/17,1215
1/3/17,1230
2/3/17,1299
3/3/17,1295
4/3/17,1294
5/3/17,1279
6/3/17,1288
7/3/17,1288
8/3/17,1246
9/3/17,1215
10/3/17,1360
11/3/17,1219
12/3/17,1244
13/3/17,1249
14/3/17,1262
15/3/17,1265
16/3/17,1277
17/3/17,1175
18/3/17,1096
19/3/17,1063
20/3/17,1052
21/3/17,1120
22/3/17,1115
23/3/17,1057
24/3/17,1030
25/3/17,974
26/3/17,1005
27/3/17,1046
28/3/17,1069
29/3/17,1058
30/3/17,1053
31/3/17,1094
1/4/17,1111
2/4/17,1119
3/4/17,1169
4/4/17,1164
5/4/17,1145
6/4/17,1207
7/4/17,1203
8/4/17,1198
9/4/17,1221
10/4/17,1220
11/4/17,1234
12/4/17,1228
13/4/17,1219
14/4/17,1197
15/4/17,1191
16/4/17,1190
17/4/17,1198
18/4/17,1207
19/4/17,1215
20/4/17,1241
21/4/17,1259
22/4/17,1253
23/4/17,1254
24/4/17,1261
25/4/17,1287
26/4/17,1320
27/4/17,1360
28/4/17,1381
29/4/17,1370
30/4/17,1395
1/5/17,1467
2/5/17,1493
3/5/17,1533
4/5/17,1665
5/5/17,1630
6/5/17,1599
7/5/17,1618
8/5/17,1713
9/5/17,1795
10/5/17,1800
11/5/17,1889
12/5/17,1838
13/5/17,1793
14/5/17,1829
15/5/17,1803
16/5/17,1778
17/5/17,1840
18/5/17,1900
19/5/17,1980
20/5/17,2059
21/5/17,2103
22/5/17,2298
23/5/17,2283
24/5/17,2475
25/5/17,2806
26/5/17,2683
27/5/17,2353
28/5/17,2343
29/5/17,2358
30/5/17,2337
31/5/17,2339
1/6/17,2488
2/6/17,2479
3/6/17,2599
4/6/17,2556
5/6/17,2698
6/6/17,2939
7/6/17,2885
8/6/17,2809
9/6/17,2862
10/6/17,2942
11/6/17,2999
12/6/17,3000
13/6/17,2799
14/6/17,2827
15/6/17,2525
16/6/17,2525
17/6/17,2679
18/6/17,2670
19/6/17,2597
20/6/17,2777
21/6/17,2782
22/6/17,2725
23/6/17,2743
24/6/17,2718
25/6/17,2625
26/6/17,2564
27/6/17,2576
28/6/17,2605
29/6/17,2592
30/6/17,2554
1/7/17,2515
2/7/17,2545
3/7/17,2585
4/7/17,2636
5/7/17,2630
6/7/17,2624
7/7/17,2608
8/7/17,2564
9/7/17,2580
10/7/17,2523
11/7/17,2410
12/7/17,2415
13/7/17,2417
14/7/17,2349
15/7/17,2225
16/7/17,2044
17/7/17,2238
18/7/17,2393
19/7/17,2396
20/7/17,2957
21/7/17,2880
22/7/17,2870
23/7/17,2848
24/7/17,2799
25/7/17,2782
26/7/17,2614
27/7/17,2686
28/7/17,2825
29/7/17,2791
30/7/17,2740
31/7/17,2900
1/8/17,2925
2/8/17,2758
3/8/17,2799
4/8/17,2878
5/8/17,3335
6/8/17,3278
7/8/17,3416
8/8/17,3489
9/8/17,3428
10/8/17,3448
11/8/17,3725
12/8/17,3974
13/8/17,4200
14/8/17,4328
15/8/17,4434
16/8/17,4386
17/8/17,4469
18/8/17,4350
19/8/17,4186
20/8/17,4190
21/8/17,4090
22/8/17,4145
23/8/17,4248
24/8/17,4350
25/8/17,4454
26/8/17,4374
27/8/17,4392
28/8/17,4396
29/8/17,4657
30/8/17,4635
31/8/17,4769
1/9/17,4948
2/9/17,4980
3/9/17,4750
4/9/17,4628
5/9/17,4515
6/9/17,4692
7/9/17,4665
8/9/17,4680
9/9/17,4450
10/9/17,4350
11/9/17,4365
12/9/17,4375
13/9/17,4175
14/9/17,3923
15/9/17,3894
16/9/17,4043
17/9/17,3841
18/9/17,4130
19/9/17,4125
20/9/17,4044
21/9/17,3904
22/9/17,3768
23/9/17,3819
24/9/17,3789
25/9/17,3969
26/9/17,3960
27/9/17,4228
28/9/17,4270
29/9/17,4213
30/9/17,4356
1/10/17,4397
2/10/17,4470
3/10/17,4420
4/10/17,4344
5/10/17,4365
6/10/17,4407
7/10/17,4449
8/10/17,4612
9/10/17,4875
10/10/17,4926
11/10/17,4870
12/10/17,5441
13/10/17,5867
14/10/17,5840
15/10/17,5850
16/10/17,5785
17/10/17,5770
18/10/17,5600
19/10/17,5750
20/10/17,6064
21/10/17,6189
22/10/17,6082
23/10/17,6057
24/10/17,5906
25/10/17,5765
26/10/17,5985
27/10/17,5998
28/10/17,5894
29/10/17,6296
30/10/17,6200
31/10/17,6472
1/11/17,6784
2/11/17,7445
3/11/17,7450
4/11/17,7498
5/11/17,7630
6/11/17,7432
7/11/17,7233
8/11/17,7898
9/11/17,7470
10/11/17,7350
11/11/17,6895
12/11/17,6486
13/11/17,6841
14/11/17,6748
15/11/17,7349
16/11/17,7985
17/11/17,7989
18/11/17,7848
19/11/17,8099
20/11/17,8293
21/11/17,8375
22/11/17,8299
23/11/17,8275
24/11/17,8324
25/11/17,8796
26/11/17,9596
27/11/17,9795
28/11/17,9990
29/11/17,11485
30/11/17,10850
1/12/17,10937
2/12/17,11100
3/12/17,11891
4/12/17,11650
5/12/17,11875
6/12/17,14419
7/12/17,19651
8/12/17,17778
9/12/17,16499
10/12/17,16300
11/12/17,17493
12/12/17,18150
13/12/17,17900
14/12/17,17200
15/12/17,17899
16/12/17,19797
17/12/17,19892
18/12/17,19385
19/12/17,19099
20/12/17,17890
21/12/17,17365
22/12/17,15975
23/12/17,16261
24/12/17,15109
25/12/17,14774
26/12/17,16148
27/12/17,16490
28/12/17,15489
29/12/17,15105
30/12/17,14640
31/12/17,14280
1/1/18,13889
2/1/18,15275
3/1/18,15400
4/1/18,15400
5/1/18,17178
6/1/18,17174
7/1/18,17115
8/1/18,16275
9/1/18,15384
10/1/18,14875
11/1/18,14970
12/1/18,14081
13/1/18,14500
14/1/18,14333
15/1/18,14253
16/1/18,13644
17/1/18,12359
18/1/18,12123
19/1/18,11974
20/1/18,12986
21/1/18,12763
22/1/18,11849
23/1/18,11370
24/1/18,11450
25/1/18,11690
26/1/18,11570
27/1/18,11494
28/1/18,11695
29/1/18,11570
30/1/18,11150
31/1/18,10300
1/2/18,10166
2/2/18,9090
3/2/18,9499
4/2/18,9350
5/2/18,8349
6/2/18,7949
7/2/18,8650
8/2/18,8625
9/2/18,8700
10/2/18,9090
11/2/18,8547
12/2/18,8950
13/2/18,8925
14/2/18,9483
15/2/18,10250
16/2/18,10308
17/2/18,11149
18/2/18,11299
19/2/18,11274
20/2/18,11775
21/2/18,11279
22/2/18,10900
23/2/18,10391
24/2/18,10494
25/2/18,9850
26/2/18,10448
27/2/18,10845
28/2/18,11044
1/3/18,11075
2/3/18,11149
3/3/18,11495
4/3/18,11487
5/3/18,11646
6/3/18,11396
7/3/18,10894
8/3/18,10098
9/3/18,9410
10/3/18,9514
11/3/18,9760
12/3/18,9890
13/3/18,9473
14/3/18,9340
15/3/18,8400
16/3/18,8600
17/3/18,8350
18/3/18,8303
19/3/18,8751
20/3/18,9046
21/3/18,9174
22/3/18,9074
23/3/18,8928
24/3/18,8999
25/3/18,8670
26/3/18,8498
27/3/18,8220
28/3/18,8088
29/3/18,7957
30/3/18,7275
31/3/18,7200
1/4/18,7044
2/4/18,7100
3/4/18,7520
4/4/18,7425
5/4/18,6923
6/4/18,6847
7/4/18,7059
8/4/18,7100
9/4/18,7170
10/4/18,6893
11/4/18,6974
12/4/18,8050
13/4/18,8220
14/4/18,8150
15/4/18,8393
16/4/18,8399
17/4/18,8163
18/4/18,8244
19/4/18,8300
20/4/18,8933
21/4/18,9039
22/4/18,9015
23/4/18,8991
24/4/18,9729
25/4/18,9763
26/4/18,9318
27/4/18,9369
28/4/18,9440
29/4/18,9513
30/4/18,9447
1/5/18,9245
2/5/18,9250
3/5/18,9800
4/5/18,9744
5/5/18,9948
6/5/18,9880
7/5/18,9620
8/5/18,9463
9/5/18,9370
10/5/18,9386
11/5/18,9011
12/5/18,8659
13/5/18,8774
14/5/18,8880
15/5/18,8847
16/5/18,8500
17/5/18,8482
18/5/18,8280
19/5/18,8390
20/5/18,8597
21/5/18,8584
22/5/18,8400
23/5/18,8030
24/5/18,7735
25/5/18,7662
26/5/18,7640
27/5/18,7393
28/5/18,7445
29/5/18,7525
30/5/18,7558
31/5/18,7609
1/6/18,7600
2/6/18,7697
3/6/18,7777
4/6/18,7748
5/6/18,7678
6/6/18,7691
7/6/18,7747
8/6/18,7690
9/6/18,7680
10/6/18,7496
11/6/18,6914
12/6/18,6886
13/6/18,6619
14/6/18,6750
15/6/18,6660
16/6/18,6550
17/6/18,6570
18/6/18,6795
19/6/18,6829
20/6/18,6817
21/6/18,6787
22/6/18,6725
23/6/18,6250
24/6/18,6256
25/6/18,6340
26/6/18,6271
27/6/18,6175
28/6/18,6161
29/6/18,6300
30/6/18,6520
1/7/18,6424
2/7/18,6670
3/7/18,6674
4/7/18,6795
5/7/18,6700
6/7/18,6639
7/7/18,6843
8/7/18,6778
9/7/18,6816
10/7/18,6679
11/7/18,6400
12/7/18,6390
13/7/18,6335
14/7/18,6324
15/7/18,6385
16/7/18,6750
17/7/18,7473
18/7/18,7585
19/7/18,7564
20/7/18,7687
21/7/18,7445
22/7/18,7570
23/7/18,7809
24/7/18,8488
25/7/18,8483
26/7/18,8290
27/7/18,8277
28/7/18,8230
29/7/18,8290
30/7/18,8275
31/7/18,8174
1/8/18,7750
2/8/18,7708
3/8/18,7539
4/8/18,7495
5/8/18,7087
6/8/18,7163
7/8/18,7152
8/8/18,6718
9/8/18,6633
10/8/18,6585
11/8/18,6190
12/8/18,6112
13/8/18,6545
14/8/18,6258
15/8/18,6636
16/8/18,6475
17/8/18,6586
18/8/18,6613
19/8/18,6547
20/8/18,6525
21/8/18,6490
22/8/18,6891
23/8/18,6568
24/8/18,6719
25/8/18,6790
26/8/18,6773
27/8/18,6948
28/8/18,7128
29/8/18,7119
30/8/18,7049
31/8/18,7090
1/9/18,7275
2/9/18,7328
3/9/18,7338
4/9/18,7403
5/9/18,7384
6/9/18,6704
7/9/18,6530
8/9/18,6460
9/9/18,6450
10/9/18,6375
11/9/18,6405
12/9/18,6341
13/9/18,6530
14/9/18,6580
15/9/18,6565
16/9/18,6522
17/9/18,6530
18/9/18,6384
19/9/18,6511
20/9/18,6530
21/9/18,6777
22/9/18,6823
23/9/18,6777
24/9/18,6716
25/9/18,6582
26/9/18,6537
27/9/18,6735
28/9/18,6787
29/9/18,6620
30/9/18,6640
1/10/18,6639
2/10/18,6591
3/10/18,6508
4/10/18,6603
5/10/18,6641
6/10/18,6594
7/10/18,6585
8/10/18,6681
9/10/18,6613
10/10/18,6591
11/10/18,6525
12/10/18,6235
13/10/18,6212
14/10/18,6288
15/10/18,6810
16/10/18,6437
17/10/18,6460
18/10/18,6490
19/10/18,6410
20/10/18,6420
21/10/18,6453
22/10/18,6428
23/10/18,6412
24/10/18,6471
25/10/18,6422
26/10/18,6450
27/10/18,6422
28/10/18,6415
29/10/18,6415
30/10/18,6289
31/10/18,6353
1/11/18,6360
2/11/18,6379
3/11/18,6352
4/11/18,6464
5/11/18,6440
6/11/18,6450
7/11/18,6540
8/11/18,6512
9/11/18,6415
10/11/18,6374
11/11/18,6360
12/11/18,6384
13/11/18,6328
14/11/18,6293
15/11/18,5645
16/11/18,5610
17/11/18,5544
18/11/18,5665
19/11/18,5560
20/11/18,4889
21/11/18,4628
22/11/18,4589
23/11/18,4366
24/11/18,4371
25/11/18,4120
26/11/18,4076
27/11/18,3830
28/11/18,4365
29/11/18,4411
30/11/18,4298
1/12/18,4275
2/12/18,4264
3/12/18,4120
4/12/18,4035
5/12/18,3913
6/12/18,3849
7/12/18,3545
8/12/18,3495
9/12/18,3643
10/12/18,3591
11/12/18,3425
12/12/18,3486
13/12/18,3440
14/12/18,3295
15/12/18,3229
16/12/18,3258
17/12/18,3586
18/12/18,3688
19/12/18,3928
20/12/18,4175
21/12/18,4162
22/12/18,4005
23/12/18,4050
24/12/18,4239
25/12/18,4045
26/12/18,3849
27/12/18,3841
28/12/18,3972
29/12/18,3944
30/12/18,3863
31/12/18,3835
1/1/19,3841
2/1/19,3917
3/1/19,3894
4/1/19,3849
5/1/19,3874
6/1/19,4088
7/1/19,4070
8/1/19,4115
9/1/19,4042
10/1/19,4035
11/1/19,3699
12/1/19,3649
13/1/19,3642
14/1/19,3711
15/1/19,3684
16/1/19,3667
17/1/19,3657
18/1/19,3644
19/1/19,3760
20/1/19,3703
21/1/19,3569
22/1/19,3612
23/1/19,3614
24/1/19,3596
25/1/19,3579
26/1/19,3658
27/1/19,3563
28/1/19,3536
29/1/19,3438
30/1/19,3459
31/1/19,3473
1/2/19,3458
2/2/19,3483
3/2/19,3472
4/2/19,3435
5/2/19,3429
6/2/19,3441
7/2/19,3383
8/2/19,3711
9/2/19,3642
10/2/19,3654
11/2/19,3652
12/2/19,3619
13/2/19,3628
14/2/19,3589
15/2/19,3620
16/2/19,3607
17/2/19,3675
18/2/19,3917
19/2/19,3970
20/2/19,3967
21/2/19,3988
22/2/19,3956
23/2/19,4156
24/2/19,4189
25/2/19,3860
26/2/19,3826
27/2/19,3823
28/2/19,3900
1/3/19,3843
2/3/19,3818
3/3/19,3815
4/3/19,3805
5/3/19,3875
6/3/19,3895
7/3/19,3891
8/3/19,3911
9/3/19,3947
10/3/19,3917
11/3/19,3912
12/3/19,3875
13/3/19,3871
14/3/19,3900
15/3/19,3910
16/3/19,4037
17/3/19,3991
18/3/19,4016
19/3/19,3985
1/4/19,4150
2/4/19,5101
3/4/19,5345
4/4/19,5071
5/4/19,5067
6/4/19,5244
7/4/19,5270
8/4/19,5353
9/4/19,5287
10/4/19,5488
11/4/19,5343
12/4/19,5119
13/4/19,5123
14/4/19,5191
15/4/19,5193
16/4/19,5230
17/4/19,5272
18/4/19,5318
19/4/19,5359
20/4/19,5360
21/4/19,5349
22/4/19,5441
23/4/19,5650
24/4/19,5624
25/4/19,5512
26/4/19,5295
27/4/19,5221
28/4/19,5215
29/4/19,5190
30/4/19,5285
1/5/19,5358
2/5/19,5423
3/5/19,5797
4/5/19,5847
5/5/19,5782
6/5/19,5754
7/5/19,5966
8/5/19,5990
9/5/19,6171
10/5/19,6430
11/5/19,7464
12/5/19,7582
13/5/19,8191
14/5/19,8350
15/5/19,8308
16/5/19,8388
17/5/19,7941
18/5/19,7491
19/5/19,8315
20/5/19,8200
21/5/19,8113
22/5/19,8044
23/5/19,7985
24/5/19,8175
25/5/19,8149
26/5/19,8794
27/5/19,8948
28/5/19,8822
29/5/19,8760
30/5/19,9090
31/5/19,8580
1/6/19,8618
2/6/19,8834
3/6/19,8742
4/6/19,8108
5/6/19,7933
6/6/19,7875
7/6/19,8134
8/6/19,8060
9/6/19,7960
10/6/19,8097
11/6/19,8057
12/6/19,8292
13/6/19,8330
14/6/19,8739
15/6/19,8917
16/6/19,9388
17/6/19,9475
18/6/19,9359
19/6/19,9320
20/6/19,9599
21/6/19,10245
22/6/19,11216
23/6/19,11284
24/6/19,11092
25/6/19,11789
26/6/19,13868
27/6/19,13359
28/6/19,12445
29/6/19,12380
30/6/19,12200
1/7/19,11211
2/7/19,10925
3/7/19,12015
4/7/19,12064
5/7/19,11450
6/7/19,11724
7/7/19,11620
8/7/19,12395
9/7/19,12830
10/7/19,13203
11/7/19,12098
12/7/19,11950
13/7/19,11845
14/7/19,11467
15/7/19,11080
16/7/19,11040
17/7/19,9998
18/7/19,9800
19/7/19,10777
20/7/19,11112
21/7/19,10835
22/7/19,10688
23/7/19,10324
24/7/19,9919
25/7/19,10185
26/7/19,9898
27/7/19,10248
28/7/19,9669
29/7/19,9730
30/7/19,9840
31/7/19,10135
1/8/19,10497
2/8/19,10670
3/8/19,10922
4/8/19,11090
5/8/19,11950
6/8/19,12320
7/8/19,12147
8/8/19,12050
9/8/19,12040
10/8/19,11970
11/8/19,11585
12/8/19,11556
13/8/19,11438
14/8/19,10860
15/8/19,10445
16/8/19,10540
17/8/19,10476
18/8/19,10513
19/8/19,10939
20/8/19,10953
21/8/19,10800