Date,High,300 MA
2014-12-01,370,#N/A
2014-12-02,378,#N/A
2014-12-03,378,#N/A
2014-12-04,378,#N/A
2014-12-05,377.1,#N/A
2014-12-06,378,#N/A
2014-12-07,378,#N/A
2014-12-08,378,#N/A
2014-12-09,375,#N/A
2014-12-10,398,#N/A
2014-12-11,360.5,#N/A
2014-12-12,379,#N/A
2014-12-13,350,#N/A
2014-12-14,350,#N/A
2014-12-15,350,#N/A
2014-12-16,350,#N/A
2014-12-17,350,#N/A
2014-12-18,350,#N/A
2014-12-19,340,#N/A
2014-12-20,340,#N/A
2014-12-21,340,#N/A
2014-12-22,340,#N/A
2014-12-23,340,#N/A
2014-12-24,340,#N/A
2014-12-25,340,#N/A
2014-12-26,340,#N/A
2014-12-27,340,#N/A
2014-12-28,340,#N/A
2014-12-29,340,#N/A
2014-12-30,340,#N/A
2014-12-31,340,#N/A
2015-01-01,340,#N/A
2015-01-02,340,#N/A
2015-01-03,340,#N/A
2015-01-04,340,#N/A
2015-01-05,340,#N/A
2015-01-06,340,#N/A
2015-01-07,340,#N/A
2015-01-08,360,#N/A
2015-01-09,288.99,#N/A
2015-01-10,288.99,#N/A
2015-01-11,288.99,#N/A
2015-01-12,288.99,#N/A
2015-01-13,288.99,#N/A
2015-01-14,260,#N/A
2015-01-15,224,#N/A
2015-01-16,225.5,#N/A
2015-01-17,210,#N/A
2015-01-18,184,#N/A
2015-01-19,225.51,#N/A
2015-01-20,225.51,#N/A
2015-01-21,225.51,#N/A
2015-01-22,257.73,#N/A
2015-01-23,235,#N/A
2015-01-24,250.58,#N/A
2015-01-25,256.26,#N/A
2015-01-26,322.72,#N/A
2015-01-27,278.47,#N/A
2015-01-28,265.99,#N/A
2015-01-29,242,#N/A
2015-01-30,244.59,#N/A
2015-01-31,234.67,#N/A
2015-02-01,233.79,#N/A
2015-02-02,240.1,#N/A
2015-02-03,243.9,#N/A
2015-02-04,230.99,#N/A
2015-02-05,228.9,#N/A
2015-02-06,226.64,#N/A
2015-02-07,230.5,#N/A
2015-02-08,231.6,#N/A
2015-02-09,225,#N/A
2015-02-10,222.64,#N/A
2015-02-11,223.61,#N/A
2015-02-12,224.61,#N/A
2015-02-13,242.36,#N/A
2015-02-14,259.98,#N/A
2015-02-15,267.86,#N/A
2015-02-16,241,#N/A
2015-02-17,248,#N/A
2015-02-18,246,#N/A
2015-02-19,245,#N/A
2015-02-20,248.32,#N/A
2015-02-21,248.12,#N/A
2015-02-22,247.48,#N/A
2015-02-23,240.97,#N/A
2015-02-24,241.21,#N/A
2015-02-25,240.99,#N/A
2015-02-26,238.46,#N/A
2015-02-27,259,#N/A
2015-02-28,256.97,#N/A
2015-03-01,259.97,#N/A
2015-03-02,275,#N/A
2015-03-03,289.5,#N/A
2015-03-04,287,#N/A
2015-03-05,281.09,#N/A
2015-03-06,280,#N/A
2015-03-07,279.44,#N/A
2015-03-08,278.97,#N/A
2015-03-09,294.42,#N/A
2015-03-10,299.48,#N/A
2015-03-11,297.8,#N/A
2015-03-12,298.9,#N/A
2015-03-13,296.52,#N/A
2015-03-14,289,#N/A
2015-03-15,289.24,#N/A
2015-03-16,294.99,#N/A
2015-03-17,293.69,#N/A
2015-03-18,287.05,#N/A
2015-03-19,266.8,#N/A
2015-03-20,267.42,#N/A
2015-03-21,264.04,#N/A
2015-03-22,271.27,#N/A
2015-03-23,273.99,#N/A
2015-03-24,268.51,#N/A
2015-03-25,249.99,#N/A
2015-03-26,254.9,#N/A
2015-03-27,250.99,#N/A
2015-03-28,254.99,#N/A
2015-03-29,254,#N/A
2015-03-30,250.06,#N/A
2015-03-31,249.98,#N/A
2015-04-01,248.22,#N/A
2015-04-02,255.24,#N/A
2015-04-03,257.43,#N/A
2015-04-04,256.6,#N/A
2015-04-05,262,#N/A
2015-04-06,263,#N/A
2015-04-07,258.11,#N/A
2015-04-08,255.75,#N/A
2015-04-09,248.16,#N/A
2015-04-10,244.95,#N/A
2015-04-11,239.99,#N/A
2015-04-12,239.16,#N/A
2015-04-13,238.03,#N/A
2015-04-14,222.16,#N/A
2015-04-15,224.24,#N/A
2015-04-16,230.75,#N/A
2015-04-17,230.08,#N/A
2015-04-18,224.04,#N/A
2015-04-19,226.72,#N/A
2015-04-20,227.45,#N/A
2015-04-21,235.81,#N/A
2015-04-22,238.6,#N/A
2015-04-23,236,#N/A
2015-04-24,236.93,#N/A
2015-04-25,233.67,#N/A
2015-04-26,227.91,#N/A
2015-04-27,231.11,#N/A
2015-04-28,229.04,#N/A
2015-04-29,227.3,#N/A
2015-04-30,240,#N/A
2015-05-01,238.78,#N/A
2015-05-02,237.15,#N/A
2015-05-03,242.97,#N/A
2015-05-04,243.99,#N/A
2015-05-05,240,#N/A
2015-05-06,237.87,#N/A
2015-05-07,239.18,#N/A
2015-05-08,247.06,#N/A
2015-05-09,247.6,#N/A
2015-05-10,244.89,#N/A
2015-05-11,245.49,#N/A
2015-05-12,243.4,#N/A
2015-05-13,244.13,#N/A
2015-05-14,240,#N/A
2015-05-15,239,#N/A
2015-05-16,237.99,#N/A
2015-05-17,238.45,#N/A
2015-05-18,237.89,#N/A
2015-05-19,234.92,#N/A
2015-05-20,235,#N/A
2015-05-21,236.74,#N/A
2015-05-22,242,#N/A
2015-05-23,240.64,#N/A
2015-05-24,242,#N/A
2015-05-25,241.4,#N/A
2015-05-26,238.34,#N/A
2015-05-27,238.75,#N/A
2015-05-28,238.48,#N/A
2015-05-29,237.68,#N/A
2015-05-30,236.99,#N/A
2015-05-31,233.94,#N/A
2015-06-01,230.99,#N/A
2015-06-02,226.68,#N/A
2015-06-03,227.45,#N/A
2015-06-04,226.07,#N/A
2015-06-05,226.74,#N/A
2015-06-06,225.61,#N/A
2015-06-07,226.09,#N/A
2015-06-08,230.16,#N/A
2015-06-09,232.06,#N/A
2015-06-10,230.45,#N/A
2015-06-11,230.92,#N/A
2015-06-12,231.32,#N/A
2015-06-13,233.33,#N/A
2015-06-14,235,#N/A
2015-06-15,238.5,#N/A
2015-06-16,253.26,#N/A
2015-06-17,259.46,#N/A
2015-06-18,253.29,#N/A
2015-06-19,251.05,#N/A
2015-06-20,246.99,#N/A
2015-06-21,246.98,#N/A
2015-06-22,248.5,#N/A
2015-06-23,248.06,#N/A
2015-06-24,244.92,#N/A
2015-06-25,243.44,#N/A
2015-06-26,243.1,#N/A
2015-06-27,252.22,#N/A
2015-06-28,252,#N/A
2015-06-29,257.99,#N/A
2015-06-30,269.39,#N/A
2015-07-01,265.45,#N/A
2015-07-02,262,#N/A
2015-07-03,257.37,#N/A
2015-07-04,261,#N/A
2015-07-05,275.25,#N/A
2015-07-06,277.88,#N/A
2015-07-07,272.11,#N/A
2015-07-08,273.97,#N/A
2015-07-09,272.5,#N/A
2015-07-10,294.71,#N/A
2015-07-11,299,#N/A
2015-07-12,316.52,#N/A
2015-07-13,312.91,#N/A
2015-07-14,297.78,#N/A
2015-07-15,294.11,#N/A
2015-07-16,292.78,#N/A
2015-07-17,281.38,#N/A
2015-07-18,282.71,#N/A
2015-07-19,278.48,#N/A
2015-07-20,279.72,#N/A
2015-07-21,281.27,#N/A
2015-07-22,278.54,#N/A
2015-07-23,279.75,#N/A
2015-07-24,291.52,#N/A
2015-07-25,291.67,#N/A
2015-07-26,294.49,#N/A
2015-07-27,297,#N/A
2015-07-28,298,#N/A
2015-07-29,296.58,#N/A
2015-07-30,291.56,#N/A
2015-07-31,290,#N/A
2015-08-01,285.6,#N/A
2015-08-02,282.58,#N/A
2015-08-03,285.86,#N/A
2015-08-04,286.47,#N/A
2015-08-05,286.25,#N/A
2015-08-06,282.77,#N/A
2015-08-07,281.17,#N/A
2015-08-08,280.16,#N/A
2015-08-09,268.8,#N/A
2015-08-10,268.89,#N/A
2015-08-11,271.99,#N/A
2015-08-12,272.4,#N/A
2015-08-13,269.49,#N/A
2015-08-14,267.98,#N/A
2015-08-15,267.69,#N/A
2015-08-16,263.1,#N/A
2015-08-17,261.57,#N/A
2015-08-18,258.64,#N/A
2015-08-19,247.43,#N/A
2015-08-20,238.2,#N/A
2015-08-21,236.99,#N/A
2015-08-22,235.53,#N/A
2015-08-23,233.25,#N/A
2015-08-24,229.84,#N/A
2015-08-25,229.49,#N/A
2015-08-26,231.97,#N/A
2015-08-27,229.99,#N/A
2015-08-28,236.18,#N/A
2015-08-29,233.95,#N/A
2015-08-30,233.47,#N/A
2015-08-31,233,#N/A
2015-09-01,233.5,#N/A
2015-09-02,231.43,#N/A
2015-09-03,231.36,#N/A
2015-09-04,232.49,#N/A
2015-09-05,231.61,#N/A
2015-09-06,244.82,#N/A
2015-09-07,242.98,#N/A
2015-09-08,247.82,#N/A
2015-09-09,244.69,#N/A
2015-09-10,241.4,#N/A
2015-09-11,241.54,#N/A
2015-09-12,241.13,#N/A
2015-09-13,236.92,#N/A
2015-09-14,233.99,#N/A
2015-09-15,232.43,#N/A
2015-09-16,232,#N/A
2015-09-17,235.93,#N/A
2015-09-18,234.96,#N/A
2015-09-19,234.31,#N/A
2015-09-20,234,#N/A
2015-09-21,233.64,#N/A
2015-09-22,232.5,#N/A
2015-09-23,233,#N/A
2015-09-24,235.99,#N/A
2015-09-25,237.62,#N/A
2015-09-26,236.2,265.7125
2015-09-27,235.13,265.2629333
2015-09-28,240.42,264.8043333
2015-09-29,241.05,264.3478333
2015-09-30,238.75,263.8836667
2015-10-01,239.86,263.4262
2015-10-02,239.4,262.9642
2015-10-03,240.62,262.5062667
2015-10-04,240.28,262.0472
2015-10-05,240.77,261.5997667
2015-10-06,248,261.0997667
2015-10-07,247.96,260.7246333
2015-10-08,245.38,260.2792333
2015-10-09,244.88,259.9288333
2015-10-10,246.1,259.5825
2015-10-11,250,259.2491667
2015-10-12,249.14,258.9129667
2015-10-13,251.5,258.5846333
2015-10-14,255,258.2679667
2015-10-15,256.77,257.9905333
2015-10-16,267.6,257.7492
2015-10-17,274.81,257.5319
2015-10-18,273.5,257.3102333
2015-10-19,268.23,257.071
2015-10-20,272.95,256.8475
2015-10-21,272.85,256.6236667
2015-10-22,280,256.4236667
2015-10-23,281.17,256.2275667
2015-10-24,284,256.0409
2015-10-25,295.93,255.894
2015-10-26,288.99,255.7239667
2015-10-27,297.99,255.5839333
2015-10-28,308.93,255.4803667
2015-10-29,320.99,255.417
2015-10-30,336.97,255.4069
2015-10-31,334.28,255.3878333
2015-11-01,332,255.3611667
2015-11-02,371.82,255.4672333
2015-11-03,422.3,255.7415667
2015-11-04,499.99,256.2082
2015-11-05,450,256.7449
2015-11-06,395,257.0982667
2015-11-07,392,257.4416333
2015-11-08,389,257.775
2015-11-09,386.96,258.1015667
2015-11-10,382.23,258.509
2015-11-11,341.75,258.9015
2015-11-12,344.99,259.2998
2015-11-13,343,259.7431333
2015-11-14,339.57,260.2617
2015-11-15,336.46,260.6315333
2015-11-16,334.1,260.9935
2015-11-17,340.72,261.3775333
2015-11-18,338,261.6451
2015-11-19,336.59,261.9837333
2015-11-20,327.12,262.2388667
2015-11-21,328,262.478
2015-11-22,327,262.4922667
2015-11-23,326,262.6507
2015-11-24,323.17,262.8413
2015-11-25,330.06,263.1348333
2015-11-26,368.18,263.5468
2015-11-27,364.46,263.9794333
2015-11-28,360,264.4001333
2015-11-29,373.63,264.8452333
2015-11-30,382.87,265.3084667
2015-12-01,378.94,265.8016333
2015-12-02,363.06,266.2488333
2015-12-03,369.99,266.7266667
2015-12-04,364.85,267.1745
2015-12-05,390,267.7025
2015-12-06,401.01,268.2892
2015-12-07,397.57,268.8723
2015-12-08,409.2,269.4909333
2015-12-09,425,270.1589
2015-12-10,419.5,270.7493667
2015-12-11,452.73,271.3918667
2015-12-12,469.34,272.0634667
2015-12-13,443.83,272.7395667
2015-12-14,450,273.4129
2015-12-15,464.95,274.1427333
2015-12-16,464.73,274.8751667
2015-12-17,456.33,275.5685333
2015-12-18,465.1,276.2918
2015-12-19,465.6,277.0188667
2015-12-20,461.4,277.7536333
2015-12-21,444.44,278.4310667
2015-12-22,442,279.1011
2015-12-23,445.11,279.7899333
2015-12-24,460,280.4599333
2015-12-25,458.99,281.1333333
2015-12-26,458.29,281.7944
2015-12-27,429.85,282.3105667
2015-12-28,429.9,282.7785667
2015-12-29,433,283.2652333
2015-12-30,434.99,283.7782333
2015-12-31,434,284.2915667
2016-01-01,437.15,284.8172667
2016-01-02,437.56,285.3459
2016-01-03,435.88,285.8174333
2016-01-04,435.79,286.2718
2016-01-05,435.51,286.7308333
2016-01-06,433.46,287.1793667
2016-01-07,458.68,287.7199
2016-01-08,464.4,288.3045667
2016-01-09,456,288.8604333
2016-01-10,451.45,289.3819667
2016-01-11,452.65,289.9118333
2016-01-12,449.49,290.4533
2016-01-13,446.57,291.0525333
2016-01-14,435.27,291.6120333
2016-01-15,430.67,292.1674667
2016-01-16,387.81,292.5559333
2016-01-17,391,292.9459667
2016-01-18,386.1,293.3379333
2016-01-19,385.5,293.7896333
2016-01-20,425.1,294.3569667
2016-01-21,424.78,294.9362667
2016-01-22,413.99,295.4662667
2016-01-23,398.72,295.9486667
2016-01-24,406.93,296.4715667
2016-01-25,403.94,296.9847667
2016-01-26,397,297.4807
2016-01-27,397.18,297.9538333
2016-01-28,395,298.4124
2016-01-29,385.05,298.8405667
2016-01-30,382.04,299.2407
2016-01-31,382.5,299.6390333
2016-02-01,379,300.042
2016-02-02,374.41,300.4375333
2016-02-03,373.01,300.8537
2016-02-04,390.63,301.3393
2016-02-05,390.49,301.8409667
2016-02-06,384.54,302.3255667
2016-02-07,379.81,302.7981667
2016-02-08,379.35,303.3221333
2016-02-09,374.93,303.8244333
2016-02-10,383.34,304.3330667
2016-02-11,379.5,304.8311333
2016-02-12,382,305.3576667
2016-02-13,396,305.9219333
2016-02-14,404.54,306.5122333
2016-02-15,409.09,307.0898333
2016-02-16,407.5,307.6528333
2016-02-17,420.13,308.2666
2016-02-18,423.2,308.8875
2016-02-19,422,309.5152667
2016-02-20,444.03,310.2356667
2016-02-21,448.7,310.9609667
2016-02-22,439,311.6608333
2016-02-23,440.9,312.3728333
2016-02-24,425.6,312.9915
2016-02-25,426.4,313.6169
2016-02-26,427.5,314.2514
2016-02-27,434.97,314.8914
2016-02-28,436.07,315.5316667
2016-02-29,442,316.205
2016-03-01,437.78,316.8713667
2016-03-02,435.36,317.5253
2016-03-03,424.12,318.1155
2016-03-04,422.21,318.6975333
2016-03-05,409.12,319.2449667
2016-03-06,409.27,319.7909
2016-03-07,418.74,320.3753667
2016-03-08,416.33,320.9493667
2016-03-09,414,321.5293667
2016-03-10,416.52,322.1211
2016-03-11,421,322.7311333
2016-03-12,421.3,323.3406333
2016-03-13,416.38,323.9356
2016-03-14,415.84,324.5386667
2016-03-15,416.94,325.1451333
2016-03-16,416.39,325.7439667
2016-03-17,419.75,326.3364667
2016-03-18,418.75,326.9301667
2016-03-19,411,327.4935
2016-03-20,415.34,328.0733
2016-03-21,413.97,328.6587333
2016-03-22,417.79,329.2555333
2016-03-23,418.99,329.8572333
2016-03-24,417.72,330.4573667
2016-03-25,416.7,331.0564
2016-03-26,417.77,331.6691667
2016-03-27,426.5,332.3208667
2016-03-28,425.36,332.9831333
2016-03-29,424.62,333.6403667
2016-03-30,416.5,334.2751333
2016-03-31,417.6,334.9113333
2016-04-01,417.5,335.5509667
2016-04-02,420.5,336.199
2016-04-03,420.8,336.8344667
2016-04-04,421,337.4642667
2016-04-05,423.43,338.1075333
2016-04-06,423,338.7478
2016-04-07,422.74,339.3858667
2016-04-08,424.65,340.0236
2016-04-09,419.79,340.6395667
2016-04-10,423.99,341.2578667
2016-04-11,424,341.827
2016-04-12,429.77,342.3947
2016-04-13,429.4,342.9817333
2016-04-14,428,343.5715667
2016-04-15,431.1,344.1852667
2016-04-16,434.89,344.8116333
2016-04-17,434.72,345.4323667
2016-04-18,434.72,346.0545667
2016-04-19,438.2,346.6988333
2016-04-20,444.07,347.3676
2016-04-21,453.8,348.0699333
2016-04-22,453,348.7392
2016-04-23,455.69,349.4181667
2016-04-24,465,350.1082
2016-04-25,472.38,350.7848333
2016-04-26,472.11,351.4737
2016-04-27,470.79,352.1696667
2016-04-28,451.51,352.8168
2016-04-29,458.83,353.4762333
2016-04-30,459.44,354.0902
2016-05-01,457.07,354.6875
2016-05-02,457.63,355.3059
2016-05-03,453.29,355.9036333
2016-05-04,453.23,356.5060667
2016-05-05,451.56,357.0289
2016-05-06,463.73,357.578
2016-05-07,464,358.0696
2016-05-08,465,358.5765667
2016-05-09,465.9,359.1369667
2016-05-10,465,359.7066
2016-05-11,458.65,360.2595
2016-05-12,456.57,360.8434667
2016-05-13,458.03,361.4278667
2016-05-14,459.83,362.0323667
2016-05-15,463.62,362.6453667
2016-05-16,462.26,363.2486667
2016-05-17,457.49,363.8451667
2016-05-18,457.88,364.4389333
2016-05-19,456.41,364.9885667
2016-05-20,445.5,365.5013333
2016-05-21,446.99,366.0096667
2016-05-22,446.45,366.5078333
2016-05-23,445.59,366.9998
2016-05-24,448.5,367.5062
2016-05-25,452.42,368.0424
2016-05-26,454.99,368.5923667
2016-05-27,476.75,369.2295333
2016-05-28,539.49,370.0859
2016-05-29,549.99,370.9663333
2016-05-30,541,371.8147667
2016-05-31,544.9,372.6769333
2016-06-01,541.5,373.5393667
2016-06-02,541.2,374.4061333
2016-06-03,578,375.3989333
2016-06-04,594.64,376.4850667
2016-06-05,585,377.5387667
2016-06-06,588.15,378.5926333
2016-06-07,590.95,379.6544667
2016-06-08,583.99,380.7028
2016-06-09,583.5,381.7545333
2016-06-10,581,382.7989
2016-06-11,596.12,383.9089667
2016-06-12,687.71,385.3294333
2016-06-13,720,386.8673
2016-06-14,706.45,388.3973667
2016-06-15,696.03,389.9234667
2016-06-16,777.68,391.7257667
2016-06-17,778.49,393.5356333
2016-06-18,785.15,395.3753
2016-06-19,771.92,397.1822333
2016-06-20,768.99,398.9805667
2016-06-21,730.42,400.6420667
2016-06-22,679.99,402.1420667
2016-06-23,637.89,403.4811
2016-06-24,700,405.0346
2016-06-25,699,406.5863667
2016-06-26,677.72,408.0687667
2016-06-27,659.98,409.4903667
2016-06-28,663.53,410.9307
2016-06-29,648.73,412.3219333
2016-06-30,675,413.7969667
2016-07-01,688.99,415.3215667
2016-07-02,701.85,416.845
2016-07-03,705.25,418.3859
2016-07-04,683.69,419.8388
2016-07-05,682.37,421.2977333
2016-07-06,680.79,422.7623667
2016-07-07,683.44,424.2353667
2016-07-08,666.54,425.6534
2016-07-09,667.33,427.0881
2016-07-10,659.25,428.5056333
2016-07-11,664.27,429.9451
2016-07-12,675.5,431.4234333
2016-07-13,674.19,432.8843
2016-07-14,663.99,434.3144
2016-07-15,669.98,435.7666333
2016-07-16,669.99,437.2199333
2016-07-17,680.99,438.7111
2016-07-18,684.94,440.2192333
2016-07-19,676.87,441.6988
2016-07-20,674.99,443.1621333
2016-07-21,668.4,444.5980667
2016-07-22,669.94,446.0438667
2016-07-23,662.35,447.4679333
2016-07-24,666.37,448.8877667
2016-07-25,664.13,450.2980333
2016-07-26,658.99,451.6988333
2016-07-27,658.99,453.0959333
2016-07-28,659.97,454.4978333
2016-07-29,659,455.8924333
2016-07-30,658.98,457.2881
2016-07-31,657,458.6755333
2016-08-01,629.34,459.9466667
2016-08-02,613.38,461.1647333
2016-08-03,576,462.2668
2016-08-04,599.95,463.4503667
2016-08-05,592.87,464.6062667
2016-08-06,590.99,465.7429
2016-08-07,598.65,466.9079333
2016-08-08,595.99,468.0562333
2016-08-09,594.04,469.1863667
2016-08-10,601.09,470.3341
2016-08-11,599.99,471.4420667
2016-08-12,590.09,472.493
2016-08-13,589.5,473.5463333
2016-08-14,586.55,474.6074
2016-08-15,575,475.6142333
2016-08-16,581.99,476.6447
2016-08-17,581.99,477.6513333
2016-08-18,576.99,478.6374
2016-08-19,576.99,479.6140333
2016-08-20,583.21,480.5716333
2016-08-21,583.99,481.5549667
2016-08-22,586.99,482.5183
2016-08-23,586.77,483.4444333
2016-08-24,582.68,484.3167333
2016-08-25,579.03,485.1236
2016-08-26,579.86,485.9422
2016-08-27,579.45,486.7670333
2016-08-28,574.99,487.4442667
2016-08-29,577.73,487.9623667
2016-08-30,576.83,488.2185
2016-08-31,575.15,488.6356667
2016-09-01,573.32,489.2300667
2016-09-02,577.97,489.8499667
2016-09-03,600.99,490.5566
2016-09-04,617.13,491.3238333
2016-09-05,611.99,492.0897
2016-09-06,612.8,492.9932
2016-09-07,618.53,493.905
2016-09-08,631.3,494.866
2016-09-09,628.77,495.83
2016-09-10,626.54,496.7969333
2016-09-11,630.11,497.7836333
2016-09-12,609.45,498.6794
2016-09-13,609.99,499.5860333
2016-09-14,611.99,500.5040333
2016-09-15,609.49,501.4452667
2016-09-16,608.1,502.3789333
2016-09-17,608.99,503.3189
2016-09-18,611.93,504.272
2016-09-19,612.46,505.2363
2016-09-20,609.88,506.1690333
2016-09-21,609.92,506.9748333
2016-09-22,598.54,507.7551
2016-09-23,603.3,508.5661
2016-09-24,605.94,509.3404667
2016-09-25,605.99,510.0842
2016-09-26,607.99,510.8477
2016-09-27,607.54,511.6626333
2016-09-28,606,512.4493333
2016-09-29,606.89,513.2561333
2016-09-30,607.65,513.9816333
2016-10-01,617.19,514.7022333
2016-10-02,616,515.4303333
2016-10-03,615.24,516.1171333
2016-10-04,613.23,516.7445667
2016-10-05,614.24,517.3937
2016-10-06,613.44,517.9294
2016-10-07,618.7,518.4272667
2016-10-08,620,519.0145
2016-10-09,619.59,519.5798
2016-10-10,619.2,520.0939667
2016-10-11,643.83,520.6909667
2016-10-12,647.03,521.3266333
2016-10-13,639.85,521.9091333
2016-10-14,639.99,522.4904333
2016-10-15,639.99,523.0857333
2016-10-16,643.91,523.7506333
2016-10-17,643.47,524.4222
2016-10-18,640,525.0718333
2016-10-19,636.99,525.6618
2016-10-20,629.99,526.2318
2016-10-21,633.41,526.8155333
2016-10-22,658,527.5760333
2016-10-23,655.8,528.3290333
2016-10-24,652.93,529.0621333
2016-10-25,657.5,529.8038333
2016-10-26,678,530.6171667
2016-10-27,692.01,531.4667
2016-10-28,692.41,532.3162
2016-10-29,725.64,533.2820667
2016-10-30,718,534.2227667
2016-10-31,709.68,535.1366667
2016-11-01,737.5,536.1501333
2016-11-02,735.5,537.0728667
2016-11-03,746.16,538.0120667
2016-11-04,708.33,538.8531667
2016-11-05,707.99,539.7083
2016-11-06,719.83,540.5989
2016-11-07,718.2,541.4946
2016-11-08,716.45,542.3942
2016-11-09,747.26,543.4341667
2016-11-10,723.61,544.4106333
2016-11-11,718.99,545.5145667
2016-11-12,716.99,546.6012
2016-11-13,705.94,547.6673333
2016-11-14,708.57,548.7442333
2016-11-15,716.3,549.7149
2016-11-16,743.8,550.7783
2016-11-17,750.01,551.8983667
2016-11-18,751,553.0726333
2016-11-19,752.3,554.2238667
2016-11-20,753.81,555.3901
2016-11-21,738.47,556.5283333
2016-11-22,748.77,557.7003
2016-11-23,747.12,558.8740333
2016-11-24,743.99,560.0705
2016-11-25,739,561.2603667
2016-11-26,739.99,562.452
2016-11-27,737.95,563.6485
2016-11-28,736.44,564.8552667
2016-11-29,734.36,566.0597667
2016-11-30,745,567.241
2016-12-01,754.9,568.4557
2016-12-02,780,569.7739
2016-12-03,772.53,571.0829667
2016-12-04,769.76,572.3843333
2016-12-05,767.99,573.6945333
2016-12-06,757.15,574.9405667
2016-12-07,768.9,576.2385667
2016-12-08,772.82,577.5413
2016-12-09,772.87,578.7975333
2016-12-10,776.99,580.0390333
2016-12-11,776.18,581.2626667
2016-12-12,782,582.511
2016-12-13,790.3,583.7449
2016-12-14,781.8,584.9402333
2016-12-15,780,586.1335667
2016-12-16,785,587.2701333
2016-12-17,791.97,588.4143667
2016-12-18,791.96,589.5909
2016-12-19,794.99,590.7712
2016-12-20,798,592.0125333
2016-12-21,832,593.3645333
2016-12-22,875.75,594.8587
2016-12-23,918,596.4688
2016-12-24,918.5,598.0769
2016-12-25,897.09,599.5938667
2016-12-26,908.24,601.1620667
2016-12-27,943.36,602.8554
2016-12-28,981.92,604.7147333
2016-12-29,988.88,606.6036333
2016-12-30,978.77,608.5024667
2016-12-31,971.53,610.3766667
2017-01-01,1000,612.3142
2017-01-02,1034.39,614.3744
2017-01-03,1036.69,616.4500333
2017-01-04,1147,618.8849667
2017-01-05,1175,621.3983
2017-01-06,1033.85,623.4401333
2017-01-07,910,625.0855333
2017-01-08,953.8,626.8787333
2017-01-09,923.58,628.5675333
2017-01-10,915.1,630.2299
2017-01-11,923.98,631.9106667
2017-01-12,840,633.3148333
2017-01-13,835.01,634.7282
2017-01-14,847.52,636.1688
2017-01-15,832.95,637.5654
2017-01-16,840,638.9727667
2017-01-17,909,640.6061333
2017-01-18,916.7,642.2694
2017-01-19,907,643.9037333
2017-01-20,904.59,645.5264667
2017-01-21,930,647.2048
2017-01-22,946.25,648.9411
2017-01-23,931.33,650.6301333
2017-01-24,924.24,652.3226
2017-01-25,903.98,653.9438667
2017-01-26,921.95,655.6253667
2017-01-27,924.47,657.3052667
2017-01-28,925.5,658.9876
2017-01-29,927.47,660.6758333
2017-01-30,923.95,662.3442333
2017-01-31,971.24,664.1717
2017-02-01,991.38,666.0671667
2017-02-02,1010,668.0183333
2017-02-03,1024.5,670.0340333
2017-02-04,1044.12,672.1011333
2017-02-05,1036.3,674.1421333
2017-02-06,1027.7,676.1352333
2017-02-07,1058.26,678.2314333
2017-02-08,1069.95,680.3712667
2017-02-09,1079,682.5309333
2017-02-10,1008,684.4413
2017-02-11,1023.89,686.4052
2017-02-12,1019.1,688.3531333
2017-02-13,1021.5,690.2974667
2017-02-14,1018.97,692.2138
2017-02-15,1016,694.0878
2017-02-16,1041.88,696.0507333
2017-02-17,1064.6,698.0804333
2017-02-18,1073.8,700.1097667
2017-02-19,1067.78,702.0944333
2017-02-20,1095,704.1707333
2017-02-21,1132.95,706.3779333
2017-02-22,1140,708.6729
2017-02-23,1197,711.1334667
2017-02-24,1221.93,713.6751
2017-02-25,1189.49,716.1165
2017-02-26,1187.33,718.5488333
2017-02-27,1198.99,721.0345
2017-02-28,1214.94,723.5735333
2017-03-01,1230,726.1683333
2017-03-02,1298.61,728.9512667
2017-03-03,1294.99,731.7212333
2017-03-04,1294.48,734.4861667
2017-03-05,1278.99,737.1964667
2017-03-06,1288,739.9398
2017-03-07,1288,742.7043
2017-03-08,1246,745.3357333
2017-03-09,1214.95,747.8588
2017-03-10,1360,750.8593667
2017-03-11,1219,753.3773
2017-03-12,1244,755.9831
2017-03-13,1249,758.6214667
2017-03-14,1262,761.3018667
2017-03-15,1264.55,763.9956667
2017-03-16,1277.27,766.7682333
2017-03-17,1175.11,769.1953
2017-03-18,1096,771.3604667
2017-03-19,1062.92,773.4182333
2017-03-20,1051.97,775.4298
2017-03-21,1120,777.6550667
2017-03-22,1114.96,779.8549667
2017-03-23,1057.41,781.7905
2017-03-24,1030.3,783.4265333
2017-03-25,973.99,784.8398667
2017-03-26,1005,786.3865333
2017-03-27,1045.9,788.0565333
2017-03-28,1069.39,789.8161667
2017-03-29,1058.16,791.5393667
2017-03-30,1052.94,793.1225
2017-03-31,1094.49,794.7886667
2017-04-01,1110.95,796.5418333
2017-04-02,1119,798.3113333
2017-04-03,1168.72,800.2372333
2017-04-04,1164.14,802.1710667
2017-04-05,1144.99,804.0427
2017-04-06,1206.97,806.1292667
2017-04-07,1203,808.1522
2017-04-08,1198,809.8531667
2017-04-09,1221,811.5231667
2017-04-10,1219.78,813.2342667
2017-04-11,1234,815.0275
2017-04-12,1227.86,816.5281
2017-04-13,1219.49,817.9981
2017-04-14,1196.92,819.3706667
2017-04-15,1190.99,820.7675667
2017-04-16,1189.93,822.1707
2017-04-17,1197.6,823.7279667
2017-04-18,1206.65,825.4835
2017-04-19,1215.32,827.4082667
2017-04-20,1240.6,829.2102667
2017-04-21,1258.77,831.0761667
2017-04-22,1253,832.9937667
2017-04-23,1254,834.9738333
2017-04-24,1261.16,836.9659333
2017-04-25,1287,839.0935
2017-04-26,1320,841.2435
2017-04-27,1360,843.4802
2017-04-28,1381.01,845.7440667
2017-04-29,1369.5,847.9582333
2017-04-30,1394.51,850.3276333
2017-05-01,1466.69,852.9420333
2017-05-02,1492.93,855.6491667
2017-05-03,1533,858.4810333
2017-05-04,1665,861.8092333
2017-05-05,1630,865.0181333
2017-05-06,1598.89,868.1502667
2017-05-07,1618.31,871.3304
2017-05-08,1713,874.7887333
2017-05-09,1794.7,878.5237667
2017-05-10,1799.99,882.3104333
2017-05-11,1889,886.3738333
2017-05-12,1838,890.2672
2017-05-13,1792.96,893.9737667
2017-05-14,1829,897.7873
2017-05-15,1802.99,901.5410333
2017-05-16,1777.76,905.2169333
2017-05-17,1840,909.1222667
2017-05-18,1900,913.2224667
2017-05-19,1980,917.6146333
2017-05-20,2059,922.2567333
2017-05-21,2102.68,927.0519
2017-05-22,2298,932.5152667
2017-05-23,2283,937.9286333
2017-05-24,2474.69,943.9777
2017-05-25,2806,951.1343667
2017-05-26,2683.18,957.8817
2017-05-27,2353.35,963.5362
2017-05-28,2342.99,969.2483667
2017-05-29,2357.86,975.0633
2017-05-30,2336.88,980.9329
2017-05-31,2338.91,986.7294333
2017-06-01,2488,993.0465333
2017-06-02,2478.99,999.3398667
2017-06-03,2599,1006.0077
2017-06-04,2556.1,1012.5414
2017-06-05,2698,1019.5546
2017-06-06,2938.55,1027.346133
2017-06-07,2885,1034.962833
2017-06-08,2808.78,1042.358467
2017-06-09,2861.58,1049.932067
2017-06-10,2942.04,1057.7837
2017-06-11,2998.99,1065.863667
2017-06-12,2999.99,1073.923667
2017-06-13,2798.99,1081.313667
2017-06-14,2827,1088.8137
2017-06-15,2525,1095.307067
2017-06-16,2524.65,1101.778533
2017-06-17,2679.24,1108.7627
2017-06-18,2670,1115.706067
2017-06-19,2597,1122.406833
2017-06-20,2776.95,1129.721067
2017-06-21,2781.59,1137.062933
2017-06-22,2724.69,1144.212367
2017-06-23,2743,1151.4242
2017-06-24,2718.37,1158.5688
2017-06-25,2625,1165.393033
2017-06-26,2563.9,1172.0166
2017-06-27,2575.75,1178.685267
2017-06-28,2605,1185.457533
2017-06-29,2591.98,1192.1709
2017-06-30,2554.01,1198.680967
2017-07-01,2515,1205.0072
2017-07-02,2545,1211.450567
2017-07-03,2584.78,1218.023833
2017-07-04,2636.1,1224.749067
2017-07-05,2630.24,1231.4122
2017-07-06,2623.54,1238.061433
2017-07-07,2607.61,1244.665
2017-07-08,2563.5,1251.109633
2017-07-09,2579.84,1257.6776
2017-07-10,2523,1264.0543
2017-07-11,2410,1270.047667
2017-07-12,2415,1276.066033
2017-07-13,2416.79,1282.095
2017-07-14,2349.28,1287.895967
2017-07-15,2224.82,1293.272267
2017-07-16,2043.94,1298.043867
2017-07-17,2238.07,1303.471167
2017-07-18,2393.43,1309.4162
2017-07-19,2396,1315.407733
2017-07-20,2957,1323.2534
2017-07-21,2880,1330.8336
2017-07-22,2869.88,1338.3799
2017-07-23,2848,1345.8466
2017-07-24,2799.2,1353.152133
2017-07-25,2782.44,1360.406933
2017-07-26,2614,1367.0973
2017-07-27,2686.2,1374.0258
2017-07-28,2825.11,1381.385533
2017-07-29,2790.99,1388.6355
2017-07-30,2739.98,1395.717967
2017-07-31,2900,1403.340533
2017-08-01,2925,1411.043067
2017-08-02,2758.06,1418.1918
2017-08-03,2799,1425.459467
2017-08-04,2877.79,1432.985433
2017-08-05,3335,1442.0368
2017-08-06,3278.42,1450.900867
2017-08-07,3416,1460.141433
2017-08-08,3489,1469.614667
2017-08-09,3428.29,1478.909467
2017-08-10,3448,1488.2695
2017-08-11,3725,1498.552867
2017-08-12,3974,1509.653167
2017-08-13,4200,1521.508267
2017-08-14,4328,1533.8016
2017-08-15,4434.42,1546.4597
2017-08-16,4385.5,1558.978067
2017-08-17,4469,1571.763367
2017-08-18,4350,1584.070033
2017-08-19,4186.1,1595.8377
2017-08-20,4190.21,1607.628633
2017-08-21,4089.99,1619.070267
2017-08-22,4145,1630.626933
2017-08-23,4247.88,1642.479833
2017-08-24,4349.99,1654.671767
2017-08-25,4453.9,1667.0993
2017-08-26,4374.39,1679.287267
2017-08-27,4392,1691.561667
2017-08-28,4396,1703.756667
2017-08-29,4656.83,1716.827767
2017-08-30,4635.21,1729.791267
2017-08-31,4769.03,1743.326933
2017-09-01,4948,1757.4603
2017-09-02,4980,1771.660867
2017-09-03,4749.99,1785.100167
2017-09-04,4628.05,1798.138833
2017-09-05,4514.95,1810.6978
2017-09-06,4692,1823.925767
2017-09-07,4665.44,1837.0806
2017-09-08,4679.99,1850.2906
2017-09-09,4449.95,1862.770633
2017-09-10,4349.99,1874.9087
2017-09-11,4365,1887.071033
2017-09-12,4375.37,1899.176267
2017-09-13,4174.53,1910.591333
2017-09-14,3923,1921.164667
2017-09-15,3894.48,1931.6386
2017-09-16,4042.98,1942.6025
2017-09-17,3841,1952.944267
2017-09-18,4130,1964.215033
2017-09-19,4125.22,1975.475367
2017-09-20,4044,1986.4754
2017-09-21,3903.57,1997.023967
2017-09-22,3767.77,2007.116567
2017-09-23,3818.89,2017.386367
2017-09-24,3789.36,2027.562767
2017-09-25,3969.37,2038.346133
2017-09-26,3960,2049.0628
2017-09-27,4228.39,2060.6411
2017-09-28,4269.95,2072.274267
2017-09-29,4212.99,2083.742467
2017-09-30,4356.28,2095.697533
2017-10-01,4396.99,2107.7942
2017-10-02,4470,2120.170367
2017-10-03,4419.95,2132.340533
2017-10-04,4344,2144.244467
2017-10-05,4364.59,2156.216867
2017-10-06,4407,2168.3169
2017-10-07,4449.42,2180.561033
2017-10-08,4612,2193.3277
2017-10-09,4875.39,2206.944667
2017-10-10,4925.65,2220.7575
2017-10-11,4869.97,2234.390733
2017-10-12,5440.92,2249.910467
2017-10-13,5867,2266.827233
2017-10-14,5839.8,2283.653367
2017-10-15,5849.83,2300.502833
2017-10-16,5785.3,2317.127167
2017-10-17,5769.99,2333.587133
2017-10-18,5600,2349.334633
2017-10-19,5750,2365.4413
2017-10-20,6063.99,2382.592933
2017-10-21,6189.1,2400.232967
2017-10-22,6082.3,2417.479833
2017-10-23,6057.02,2434.525367
2017-10-24,5906,2450.938967
2017-10-25,5765,2466.859367
2017-10-26,5985,2483.5468
2017-10-27,5998,2500.3017
2017-10-28,5894,2516.615033
2017-10-29,6296,2534.153733
2017-10-30,6200,2551.364767
2017-10-31,6472.13,2569.1152
2017-11-01,6783.69,2587.810833
2017-11-02,7445,2609.181333
2017-11-03,7449.99,2630.9813
2017-11-04,7498,2652.7953
2017-11-05,7630,2675.150033
2017-11-06,7432.49,2696.874667
2017-11-07,7232.84,2717.9042
2017-11-08,7898,2741.430867
2017-11-09,7470.01,2763.547533
2017-11-10,7350,2785.222467
2017-11-11,6894.99,2805.429267
2017-11-12,6486,2824.249267
2017-11-13,6841.45,2844.0241
2017-11-14,6748,2863.461767
2017-11-15,7349,2884.9351
2017-11-16,7985.37,2908.5377
2017-11-17,7988.5,2932.066033
2017-11-18,7847.98,2955.0718
2017-11-19,8098.62,2978.962767
2017-11-20,8293.25,3003.526133
2017-11-21,8375,3028.429533
2017-11-22,8298.98,3053.019633
2017-11-23,8274.98,3077.521333
2017-11-24,8324,3102.183
2017-11-25,8795.5,3128.409767
2017-11-26,9596,3157.3166
2017-11-27,9795,3186.729133
2017-11-28,9989.95,3216.724367
2017-11-29,11485,3251.641033
2017-11-30,10850,3284.3927
2017-12-01,10937,3317.368967
2017-12-02,11100,3350.914633
2017-12-03,11891,3387.125633
2017-12-04,11650,3422.431433
2017-12-05,11875,3458.448267
2017-12-06,14419.4,3502.916267
2017-12-07,19650.65,3565.058433
2017-12-08,17777.69,3620.904433
2017-12-09,16499,3672.5041
2017-12-10,16300,3723.432433
2017-12-11,17493,3778.345867
2017-12-12,18149.99,3835.459167
2017-12-13,17900,3891.6529
2017-12-14,17199.6,3945.436233
2017-12-15,17899,4001.520233
2017-12-16,19797,4063.950967
2017-12-17,19891.99,4126.6076
2017-12-18,19385,4187.447767
2017-12-19,19099,4247.3111
2017-12-20,17890,4302.954433
2017-12-21,17364.57,4356.763233
2017-12-22,15974.95,4406.0481
2017-12-23,16261,4456.293667
2017-12-24,15109.27,4502.661267
2017-12-25,14774,4547.858133
2017-12-26,16148,4597.5848
2017-12-27,16490,4648.222767
2017-12-28,15489,4695.536133
2017-12-29,15105.34,4741.572333
2017-12-30,14639.79,4786.108333
2017-12-31,14280.26,4829.415867
2018-01-01,13889,4871.4192
2018-01-02,15275,4918.182533
2018-01-03,15400,4965.466033
2018-01-04,15400,5012.266033
2018-01-05,17178,5065.4627
2018-01-06,17174,5118.5627
2018-01-07,17115.01,5171.4494
2018-01-08,16275,5221.492733
2018-01-09,15384,5268.557567
2018-01-10,14875.18,5313.883933
2018-01-11,14970,5359.8669
2018-01-12,14080.83,5403.149667
2018-01-13,14500,5447.939933
2018-01-14,14332.85,5492.209533
2018-01-15,14253,5535.9862
2018-01-16,13643.66,5577.748533
2018-01-17,12358.89,5615.420133
2018-01-18,12123.1,5652.396133
2018-01-19,11973.99,5689.0628
2018-01-20,12985.55,5728.997967
2018-01-21,12762.8,5768.0543
2018-01-22,11849,5803.986333
2018-01-23,11370,5838.359133
2018-01-24,11450,5873.016
2018-01-25,11690,5908.334367
2018-01-26,11570,5943.197867
2018-01-27,11494.08,5977.781467
2018-01-28,11695,6012.869067
2018-01-29,11570,6047.555267
2018-01-30,11150,6080.9053
2018-01-31,10299.95,6111.215233
2018-02-01,10166.25,6141.092733
2018-02-02,9090,6167.3994
2018-02-03,9499,6194.992733
2018-02-04,9350,6222.093467
2018-02-05,8349.16,6245.810667
2018-02-06,7948.89,6268.2141
2018-02-07,8649.88,6292.982067
2018-02-08,8625,6317.742333
2018-02-09,8700,6342.772367
2018-02-10,9090,6369.105933
2018-02-11,8547.49,6393.605567
2018-02-12,8950,6419.416733
2018-02-13,8925,6445.115667
2018-02-14,9482.5,6472.588667
2018-02-15,10249.81,6502.5588
2018-02-16,10307.68,6532.741067
2018-02-17,11149,6565.7244
2018-02-18,11299.1,6599.1842
2018-02-19,11274.11,6632.474567
2018-02-20,11775,6667.324567
2018-02-21,11278.81,6700.387267
2018-02-22,10900,6732.117233
2018-02-23,10390.77,6762.188133
2018-02-24,10494.14,6792.520233
2018-02-25,9850,6820.4646
2018-02-26,10447.74,6850.313967
2018-02-27,10845.07,6881.3542
2018-02-28,11044,6912.617533
2018-03-01,11075,6944.100867
2018-03-02,11149,6975.934567
2018-03-03,11494.57,7008.855433
2018-03-04,11487,7041.435433
2018-03-05,11645.74,7074.272233
2018-03-06,11395.63,7106.2577
2018-03-07,10894,7136.274367
2018-03-08,10098,7163.8077
2018-03-09,9410,7189.197833
2018-03-10,9514,7214.8145
2018-03-11,9760,7241.337867
2018-03-12,9890,7268.378667
2018-03-13,9472.88,7293.8216
2018-03-14,9340,7318.6216
2018-03-15,8400,7340.0216
2018-03-16,8600,7361.824933
2018-03-17,8349.82,7382.648733
2018-03-18,8302.73,7402.6645
2018-03-19,8750.61,7424.2232
2018-03-20,9046.26,7446.128433
2018-03-21,9174,7467.3551
2018-03-22,9073.93,7488.6576
2018-03-23,8927.81,7510.572467
2018-03-24,8999,7532.759167
2018-03-25,8670,7553.799633
2018-03-26,8498,7574.3367
2018-03-27,8219.99,7593.9403
2018-03-28,8088,7612.606967
2018-03-29,7957,7630.867
2018-03-30,7275.35,7646.454833
2018-03-31,7200,7661.9345
2018-04-01,7044.46,7676.4227
2018-04-02,7100,7690.2942
2018-04-03,7520,7705.7442
2018-04-04,7424.91,7721.1313
2018-04-05,6923.1,7734.6697
2018-04-06,6847,7747.686233
2018-04-07,7059,7761.2196
2018-04-08,7099.99,7774.886267
2018-04-09,7169.53,7789.454733
2018-04-10,6893.29,7803.009033
2018-04-11,6974,7817.839033
2018-04-12,8050,7836.256867
2018-04-13,8220,7854.726067
2018-04-14,8150,7872.992733
2018-04-15,8392.56,7892.311267
2018-04-16,8398.98,7911.051367
2018-04-17,8162.5,7928.987733
2018-04-18,8243.99,7947.3854
2018-04-19,8300,7965.908733
2018-04-20,8932.56,7986.6227
2018-04-21,9038.87,8008.002267
2018-04-22,9015,8029.505933
2018-04-23,8991,8050.8901
2018-04-24,9728.56,8074.6353
2018-04-25,9763.49,8098.540333
2018-04-26,9318,8121.086967
2018-04-27,9369,8143.933633
2018-04-28,9440.01,8166.917
2018-04-29,9512.5,8190.0094
2018-04-30,9446.98,8212.712333
2018-05-01,9245.37,8234.762767
2018-05-02,9250.04,8256.8511
2018-05-03,9800,8280.825733
2018-05-04,9743.87,8304.7603
2018-05-05,9948.12,8329.321233
2018-05-06,9880,8353.844567
2018-05-07,9619.55,8377.8764
2018-05-08,9463.13,8401.370167
2018-05-09,9370,8424.547533
2018-05-10,9386.31,8448.0043
2018-05-11,9010.51,8470.623267
2018-05-12,8658.57,8492.672033
2018-05-13,8774.32,8514.459533
2018-05-14,8880.01,8536.081467
2018-05-15,8847,8557.5848
2018-05-16,8500,8576.061467
2018-05-17,8482.01,8594.734833
2018-05-18,8279.63,8612.767333
2018-05-19,8390,8631.240667
2018-05-20,8596.74,8650.5658
2018-05-21,8584.39,8669.905633
2018-05-22,8400,8689.1923
2018-05-23,8030,8707.004967
2018-05-24,7734.99,8723.371233
2018-05-25,7661.85,8739.607433
2018-05-26,7640.46,8755.942367
2018-05-27,7392.7,8770.918033
2018-05-28,7444.8,8785.984033
2018-05-29,7524.99,8801.8738
2018-05-30,7557.78,8817.7364
2018-05-31,7608.99,8833.507067
2018-06-01,7599.99,8847.7237
2018-06-02,7697.09,8862.4526
2018-06-03,7777,8876.989267
2018-06-04,7747.57,8891.1845
2018-06-05,7677.5,8905.348533
2018-06-06,7691,8919.491867
2018-06-07,7747,8932.898533
2018-06-08,7690,8945.2852
2018-06-09,7679.61,8956.8839
2018-06-10,7496.41,8967.445267
2018-06-11,6913.83,8975.709967
2018-06-12,6885.84,8984.044433
2018-06-13,6618.95,8991.210933
2018-06-14,6749.99,8999.2109
2018-06-15,6659.99,9007.4572
2018-06-16,6549.99,9015.323133
2018-06-17,6570.01,9023.589867
2018-06-18,6795,9032.4232
2018-06-19,6829.06,9041.027133
2018-06-20,6817,9049.2505
2018-06-21,6787,9057.0275
2018-06-22,6725,9064.862867
2018-06-23,6250,9071.0562
2018-06-24,6255.8,9077.255533
2018-06-25,6340.01,9082.866133
2018-06-26,6271,9088.318767
2018-06-27,6175.43,9093.006767
2018-06-28,6161.47,9097.051667
2018-06-29,6300,9101.451667
2018-06-30,6520.15,9107.3522
2018-07-01,6424.14,9113.339167
2018-07-02,6669.99,9120.522633
2018-07-03,6673.99,9127.129267
2018-07-04,6794.99,9134.227767
2018-07-05,6700,9140.961133
2018-07-06,6639,9148.257967
2018-07-07,6843.26,9156.568867
2018-07-08,6778.31,9164.613233
2018-07-09,6815.82,9172.748067
2018-07-10,6679.47,9181.097867
2018-07-11,6400,9189.354533
2018-07-12,6390.04,9197.673067
2018-07-13,6335.09,9205.313433
2018-07-14,6323.68,9213.589033
2018-07-15,6385.35,9221.106867
2018-07-16,6750,9229.856133
2018-07-17,7472.5,9241.284467
2018-07-18,7584.85,9253.5554
2018-07-19,7563.81,9266.208867
2018-07-20,7687,9279.102567
2018-07-21,7444.77,9291.287267
2018-07-22,7569.69,9303.288333
2018-07-23,7809,9316.118333
2018-07-24,8488,9330.317033
2018-07-25,8482.84,9344.36
2018-07-26,8290,9357.950033
2018-07-27,8276.55,9371.0176
2018-07-28,8230,9383.7943
2018-07-29,8289.96,9396.5275
2018-07-30,8274.92,9409.3774
2018-07-31,8173.57,9422.142633
2018-08-01,7750,9433.427333
2018-08-02,7707.54,9444.429133
2018-08-03,7538.53,9454.726167
2018-08-04,7495,9464.336167
2018-08-05,7086.52,9471.7066
2018-08-06,7163,9479.164433
2018-08-07,7152,9486.7712
2018-08-08,6718.22,9491.028867
2018-08-09,6633.21,9493.5829
2018-08-10,6584.8,9496.066233
2018-08-11,6190,9497.200133
2018-08-12,6112.21,9498.289833
2018-08-13,6544.99,9500.873167
2018-08-14,6258.32,9503.067567
2018-08-15,6636,9506.0209
2018-08-16,6475.01,9507.390967
2018-08-17,6585.5,9508.7123
2018-08-18,6613.23,9510.482067
2018-08-19,6547.34,9512.116467
2018-08-20,6525,9514.1798
2018-08-21,6490,9516.596467
2018-08-22,6890.65,9519.6153
2018-08-23,6568.37,9521.516533
2018-08-24,6719,9524.266533
2018-08-25,6790,9525.9132
2018-08-26,6773,9527.8232
2018-08-27,6947.6,9529.4081
2018-08-28,7128,9530.5558
2018-08-29,7119,9529.469133
2018-08-30,7048.66,9528.131367
2018-08-31,7090.46,9526.7729
2018-09-01,7275,9525.589567
2018-09-02,7328.36,9525.242467
2018-09-03,7338,9525.593
2018-09-04,7402.5,9523.941333
2018-09-05,7384,9523.654633
2018-09-06,6703.73,9521.5004
2018-09-07,6530,9520.283767
2018-09-08,6460,9520.1971
2018-09-09,6450,9518.892267
2018-09-10,6375.13,9517.649367
2018-09-11,6405,9514.5027
2018-09-12,6340.94,9509.021267
2018-09-13,6530,9504.1596
2018-09-14,6580,9499.933
2018-09-15,6565,9494.820933
2018-09-16,6521.75,9488.915933
2018-09-17,6529.75,9482.7651
2018-09-18,6384.04,9476.381967
2018-09-19,6511,9470.502033
2018-09-20,6530,9464.522033
2018-09-21,6777.1,9457.794033
2018-09-22,6823,9448.5507
2018-09-23,6777,9438.4907
2018-09-24,6716.16,9427.578067
2018-09-25,6582.1,9411.235067
2018-09-26,6537.26,9396.859267
2018-09-27,6734.78,9382.851867
2018-09-28,6786.73,9368.4743
2018-09-29,6620.01,9350.904333
2018-09-30,6640.37,9334.205567
2018-10-01,6639.33,9316.753333
2018-10-02,6591.37,9290.6599
2018-10-03,6507.95,9246.8509
2018-10-04,6603.01,9209.601967
2018-10-05,6641,9176.741967
2018-10-06,6594.39,9144.389933
2018-10-07,6585.01,9108.029967
2018-10-08,6681.19,9069.800633
2018-10-09,6612.86,9032.176833
2018-10-10,6591.32,8996.8159
2018-10-11,6524.56,8958.9011
2018-10-12,6235.2,8913.6951
2018-10-13,6212,8868.095133
2018-10-14,6288.36,8824.439667
2018-10-15,6810,8783.476333
2018-10-16,6436.98,8745.2996
2018-10-17,6459.99,8708.951
2018-10-18,6489.83,8677.333933
2018-10-19,6409.61,8644.495967
2018-10-20,6420,8615.531733
2018-10-21,6452.87,8587.794633
2018-10-22,6427.63,8555.3934
2018-10-23,6411.5,8521.7984
2018-10-24,6470.99,8491.738367
2018-10-25,6422,8462.7939
2018-10-26,6450,8435.4946
2018-10-27,6421.76,8409.2996
2018-10-28,6415,8384.386267
2018-10-29,6414.99,8354.8529
2018-10-30,6289,8324.4829
2018-10-31,6353.24,8294.327033
2018-11-01,6360,8258.267033
2018-11-02,6378.77,8222.282933
2018-11-03,6351.7,8186.405233
2018-11-04,6464.15,8153.7024
2018-11-05,6439.99,8123.889033
2018-11-06,6449.65,8095.803933
2018-11-07,6540,8067.703933
2018-11-08,6511.88,8042.4741
2018-11-09,6415,8015.5241
2018-11-10,6374,7988.9946
2018-11-11,6360,7962.6846
2018-11-12,6383.59,7938.484367
2018-11-13,6328.22,7918.382133
2018-11-14,6293.38,7898.949733
2018-11-15,5645,7877.8531
2018-11-16,5609.91,7853.267633
2018-11-17,5544,7829.204967
2018-11-18,5665,7808.591633
2018-11-19,5560,7789.224967
2018-11-20,4889,7767.354967
2018-11-21,4627.55,7743.813467
2018-11-22,4589,7720.543467
2018-11-23,4366.05,7696.783367
2018-11-24,4370.78,7672.3693
2018-11-25,4120,7647.535967
2018-11-26,4076.25,7623.9568
2018-11-27,3830,7602.3903
2018-11-28,4365,7583.0528
2018-11-29,4410.52,7567.454533
2018-11-30,4297.71,7550.1169
2018-12-01,4275.42,7533.201633
2018-12-02,4263.77,7519.583667
2018-12-03,4119.98,7506.820633
2018-12-04,4035.1,7491.438033
2018-12-05,3912.53,7475.7298
2018-12-06,3849,7459.5598
2018-12-07,3544.99,7441.076433
2018-12-08,3495,7424.2348
2018-12-09,3642.51,7406.543167
2018-12-10,3590.71,7388.7622
2018-12-11,3424.92,7368.570267
2018-12-12,3486.16,7346.024767
2018-12-13,3439.63,7323.131267
2018-12-14,3294.9,7296.950933
2018-12-15,3228.69,7270.049567
2018-12-16,3258,7243.3292
2018-12-17,3585.95,7216.032367
2018-12-18,3688,7190.729667
2018-12-19,3928.15,7167.490167
2018-12-20,4175,7146.770933
2018-12-21,4162.27,7125.6647
2018-12-22,4005,7106.181367
2018-12-23,4050,7084.855567
2018-12-24,4239.37,7062.836567
2018-12-25,4045.41,7039.507933
2018-12-26,3849.2,7015.421933
2018-12-27,3841.21,6991.062633
2018-12-28,3971.58,6965.986
2018-12-29,3944.33,6940.843767
2018-12-30,3863.06,6914.9015
2018-12-31,3835.4,6889.700733
2019-01-01,3841.17,6866.1913
2019-01-02,3916.57,6845.586533
2019-01-03,3893.8,6827.1992
2019-01-04,3849,6808.315867
2019-01-05,3874.12,6788.696267
2019-01-06,4088,6769.356267
2019-01-07,4070,6751.346667
2019-01-08,4114.8,6733.929333
2019-01-09,4042.2,6719.403333
2019-01-10,4035.21,6704.187367
2019-01-11,3699.26,6688.6855
2019-01-12,3649.18,6673.173667
2019-01-13,3641.86,6656.1445
2019-01-14,3711.1,6638.360633
2019-01-15,3684.38,6620.0619
2019-01-16,3666.73,6602.0379
2019-01-17,3657,6584.468533
2019-01-18,3643.69,6566.6175
2019-01-19,3759.98,6550.250767
2019-01-20,3703.39,6534.268733
2019-01-21,3568.95,6518.765267
2019-01-22,3611.5,6503.8436
2019-01-23,3614.47,6489.3685
2019-01-24,3595.83,6477.103433
2019-01-25,3578.79,6465.032733
2019-01-26,3657.76,6453.743733
2019-01-27,3562.9,6441.9534
2019-01-28,3535.92,6428.673133
2019-01-29,3438.4,6415.384767
2019-01-30,3459.41,6403.839133
2019-01-31,3473.4,6392.5938
2019-02-01,3458.26,6380.591333
2019-02-02,3483.24,6368.5355
2019-02-03,3471.76,6356.2096
2019-02-04,3435,6344.681967
2019-02-05,3429.46,6332.866833
2019-02-06,3441,6317.5035
2019-02-07,3383.14,6301.380633
2019-02-08,3711,6286.583967
2019-02-09,3642.11,6270.749133
2019-02-10,3654.28,6254.933467
2019-02-11,3652,6239.898467
2019-02-12,3618.77,6224.481067
2019-02-13,3627.99,6208.9077
2019-02-14,3589,6191.095833
2019-02-15,3620.22,6173.033667
2019-02-16,3607.36,6155.0082
2019-02-17,3675,6137.2882
2019-02-18,3917,6117.916333
2019-02-19,3969.54,6098.603167
2019-02-20,3967.19,6080.767133
2019-02-21,3988,6062.830467
2019-02-22,3956.43,6044.551867
2019-02-23,4156.1,6026.6972
2019-02-24,4188.79,6009.1699
2019-02-25,3860,5991.218667
2019-02-26,3826.37,5973.139767
2019-02-27,3823.13,5953.216867
2019-02-28,3899.99,5933.737267
2019-03-01,3843,5913.386867
2019-03-02,3818.08,5893.180467
2019-03-03,3815.48,5873.833567
2019-03-04,3804.99,5854.9731
2019-03-05,3874.98,5836.656367
2019-03-06,3894.7,5818.351
2019-03-07,3891,5801.285967
2019-03-08,3910.88,5785.460333
2019-03-09,3947.33,5769.370367
2019-03-10,3917,5752.827
2019-03-11,3911.83,5736.376433
2019-03-12,3875.33,5720.960867
2019-03-13,3871.02,5705.5909
2019-03-14,3900,5690.992133
2019-03-15,3910,5676.0588
2019-03-16,4037.47,5660.861233
2019-03-17,3991,5645.549933
2019-03-18,4015.7,5630.9356
2019-03-19,3984.58,5617.450867
2019-04-01,4149.5,5605.499233
2019-04-02,5100.78,5596.962333
2019-04-03,5345,5589.3108
2019-04-04,5071.34,5581.572933
2019-04-05,5066.59,5573.645567
2019-04-06,5244.04,5566.0424
2019-04-07,5270.33,5558.417567
2019-04-08,5352.5,5550.895933
2019-04-09,5287,5543.185967
2019-04-10,5488,5535.822333
2019-04-11,5342.74,5527.708133
2019-04-12,5118.56,5518.944767
2019-04-13,5123.28,5510.4307
2019-04-14,5191.19,5502.098
2019-04-15,5193.01,5493.5847
2019-04-16,5229.97,5485.3846
2019-04-17,5272.32,5477.3603
2019-04-18,5318.18,5470.099533
2019-04-19,5359.47,5464.918333
2019-04-20,5359.98,5459.832133
2019-04-21,5349.16,5455.5995
2019-04-22,5440.84,5451.235667
2019-04-23,5650.01,5447.869067
2019-04-24,5624.47,5444.784
2019-04-25,5512.12,5441.2577
2019-04-26,5295.03,5436.2578
2019-04-27,5221.24,5430.8984
2019-04-28,5214.5,5425.556733
2019-04-29,5189.54,5420.231867
2019-04-30,5285,5415.431867
2019-05-01,5358.39,5412.459833
2019-05-02,5422.99,5409.6838
2019-05-03,5796.93,5407.873533
2019-05-04,5846.88,5406.4598
2019-05-05,5782.22,5405.1491
2019-05-06,5753.66,5403.789733
2019-05-07,5966.37,5402.677633
2019-05-08,5990,5400.910467
2019-05-09,6171.1,5400.067
2019-05-10,6430,5399.267033
2019-05-11,7464.13,5401.900833
2019-05-12,7581.82,5404.5236
2019-05-13,8190.55,5409.4921
2019-05-14,8350,5415.195433
2019-05-15,8308.16,5420.078433
2019-05-16,8388,5425.444067
2019-05-17,7940.75,5429.193833
2019-05-18,7491.22,5431.899667
2019-05-19,8315,5438.283
2019-05-20,8200,5444.3162
2019-05-21,8112.99,5450.242533
2019-05-22,8044.32,5455.978
2019-05-23,7984.9,5461.309833
2019-05-24,8175,5466.059833
2019-05-25,8149,5468.314833
2019-05-26,8793.97,5472.345233
2019-05-27,8947.88,5476.9588
2019-05-28,8822.46,5480.743667
2019-05-29,8760.43,5485.1292
2019-05-30,9090,5490.1969
2019-05-31,8580,5492.7669
2019-06-01,8618,5493.200233
2019-06-02,8834,5494.370767
2019-06-03,8742.48,5495.879033
2019-06-04,8107.96,5495.317067
2019-06-05,7932.87,5494.326633
2019-06-06,7874.68,5492.942367
2019-06-07,8134.29,5492.4736
2019-06-08,8059.99,5492.095
2019-06-09,7960,5492.795
2019-06-10,8097.35,5494.094367
2019-06-11,8057.19,5495.823233
2019-06-12,8292.43,5498.481333
2019-06-13,8329.99,5502.626233
2019-06-14,8738.92,5507.8793
2019-06-15,8916.63,5513.7614
2019-06-16,9388,5522.660667
2019-06-17,9475,5532.1333
2019-06-18,9359.48,5541.382233
2019-06-19,9319.5,5551.8139
2019-06-20,9599,5563.436533
2019-06-21,10245,5575.7699
2019-06-22,11215.89,5592.295133
2019-06-23,11284.44,5607.789933
2019-06-24,11091.97,5623.1798
2019-06-25,11788.88,5640.5244
2019-06-26,13868.44,5664.708433
2019-06-27,13358.68,5687.4129
2019-06-28,12444.77,5707.145467
2019-06-29,12379.99,5726.778767
2019-06-30,12200,5744.4766
2019-07-01,11210.52,5759.950433
2019-07-02,10925,5773.970433
2019-07-03,12014.6,5791.385767
2019-07-04,12064.26,5809.0233
2019-07-05,11449.51,5824.029667
2019-07-06,11723.6,5839.348333
2019-07-07,11620,5854.351667
2019-07-08,12395,5872.1728
2019-07-09,12829.96,5891.304467
2019-07-10,13202.63,5911.063233
2019-07-11,12097.96,5926.9619
2019-07-12,11950,5942.335233
2019-07-13,11845,5957.143567
2019-07-14,11467.27,5970.754467
2019-07-15,11080.01,5985.342067
2019-07-16,11040,6000.3754
2019-07-17,9998,6012.168733
2019-07-18,9799.9,6023.335067
2019-07-19,10777.21,6038.008667
2019-07-20,11112.31,6053.6997
2019-07-21,10835,6068.6799
2019-07-22,10688.14,6082.540367
2019-07-23,10324.28,6095.0213
2019-07-24,9919.08,6106.201567
2019-07-25,10184.99,6118.412367
2019-07-26,9898.03,6129.639967
2019-07-27,10248.41,6142.5212
2019-07-28,9669.11,6153.048233
2019-07-29,9729.87,6163.714467
2019-07-30,9839.83,6173.923567
2019-07-31,10135.12,6184.963967
2019-08-01,10497,6197.363967
2019-08-02,10670,6210.543433
2019-08-03,10922.08,6225.010033
2019-08-04,11089.74,6240.184967
2019-08-05,11950,6257.569033
2019-08-06,12320.4,6276.0146
2019-08-07,12147,6294.4379
2019-08-08,12050,6312.47
2019-08-09,12040,6330.472233
2019-08-10,11969.99,6348.400967
2019-08-11,11585,6365.324467
2019-08-12,11555.55,6381.832933
2019-08-13,11438.39,6397.824233
2019-08-14,10859.97,6412.042833
2019-08-15,10445,6424.909467
2019-08-16,10539.9,6437.771833
2019-08-17,10475.82,6450.648367
2019-08-18,10513.45,6463.722133
2019-08-19,10938.76,6478.436133
2019-08-20,10953,6494.162133
2019-08-21,10800,6509.455467