Label,Altcoins,Bitcoin
2016-02-19,1049336675,6435326200
2016-02-20,1038201481,6659557330
2016-02-22,1146660872,6685299212
2016-02-23,1126162910,6396818225
2016-02-24,1190031282,6420899755
2016-02-25,1144723512,6467023017
2016-02-26,1163213801,6565982456
2016-02-27,1190882109,6506687806
2016-02-28,1213689059,6675612710
2016-02-29,1199683495,6662446584
2016-03-01,1284278996,6626506924
2016-03-02,1360790695,6426973080
2016-03-03,1418304738,6493828922
2016-03-04,1522505589,6249195621
2016-03-05,1601892439,6148846166
2016-03-06,1558510512,6265639929
2016-03-07,1437762499,6361940475
2016-03-08,1564342423,6299091354
2016-03-09,1691662338,6326757582
2016-03-10,1625951702,6452303123
2016-03-11,1842807331,6365190924
2016-03-12,1895847552,6339923029
2016-03-13,1857129835,6378073330
2016-03-14,1764387711,6401551664
2016-03-15,1823188070,6380556370
2016-03-16,1756195684,6435605950
2016-03-17,1598552863,6402774684
2016-03-18,1530286737,6281751134
2016-03-19,1597868187,6319501648
2016-03-20,1588622950,6305552572
2016-03-21,1683775131,6398392346
2016-03-22,1717452939,6423460342
2016-03-23,1686576720,6418763922
2016-03-24,1649153058,6393016010
2016-03-25,1656810352,6421104932
2016-03-26,1667786313,6422508694
2016-03-27,1683013933,6549309183
2016-03-28,1693256223,6522271610
2016-03-29,1720266767,6370307497
2016-03-30,1710359399,6405171784
2016-03-31,1699554624,6405705894
2016-04-01,1680677651,6473908572
2016-04-02,1695383086,6466468894
2016-04-03,1708561573,6500566195
2016-04-04,1644458497,6521821509
2016-04-05,1599748448,6533235835
2016-04-06,1614980796,6501247180
2016-04-07,1550679274,6532873176
2016-04-08,1530373024,6438285674
2016-04-09,1398842487,6473485254
2016-04-10,1373917608,6495266900
2016-04-11,1311359203,6561977003
2016-04-12,1262584892,6560529803
2016-04-13,1349422720,6531992081
2016-04-14,1371921936,6560001051
2016-04-15,1359430368,6654426700
2016-04-16,1406777280,6633200453
2016-04-17,1453923244,6622978986
2016-04-18,1472532775,6620756667
2016-04-19,1432013797,6742868353
2016-04-20,1446424622,6823715744
2016-04-21,1415439898,6883145722
2016-04-22,1387157464,6883222520
2016-04-23,1423912324,7005305054
2016-04-24,1403521678,7072938384
2016-04-25,1342079340,7176218360
2016-04-26,1349401652,7222188438
2016-04-27,1345653667,6831230230
2016-04-28,1351078976,6941618621
2016-04-29,1366049415,7028645291
2016-04-30,1449391062,6962258185
2016-05-01,1478733729,7006893766
2016-05-02,1519842154,6891829036
2016-05-03,1500056603,6972717003
2016-05-04,1500388111,6929624418
2016-05-05,1536932892,6975799194
2016-05-06,1515585275,7107616193
2016-05-07,1479239935,7123956520
2016-05-08,1529638617,7088291270
2016-05-09,1504556462,7140298920
2016-05-10,1499442708,7032174874
2016-05-11,1536200914,6983074721
2016-05-12,1613795504,7049792273
2016-05-13,1571104657,7077102248
2016-05-14,1562284130,7084362991
2016-05-15,1567158758,7096329455
2016-05-16,1657886941,7065370181
2016-05-17,1771556105,7076217450
2016-05-18,1833147973,7069987083
2016-05-19,1912212321,6882123992
2016-05-20,1855648699,6879651353
2016-05-21,1896166743,6895432569
2016-05-22,1915652932,6878058387
2016-05-23,1852566989,6928074774
2016-05-24,1749043596,6982849442
2016-05-25,1770920195,7016174631
2016-05-26,1733165938,7418403452
2016-05-27,1664974748,7832268545
2016-05-28,1810771065,8130232593
2016-05-29,1960084936,8309744445
2016-05-30,1992750242,8422014386
2016-05-31,2098076865,8310104589
2016-06-01,2081842147,8400281258
2016-06-02,2095976710,8394395126
2016-06-03,2100833880,9035312052
2016-06-04,2101165774,9008526139
2016-06-05,2122196870,9100295462
2016-06-06,2137205986,9140978617
2016-06-07,2182329557,8967156503
2016-06-08,2185126598,9042266962
2016-06-09,2175910161,8982882721
2016-06-10,2151409118,9115871033
2016-06-11,2222372220,9816178590
2016-06-12,2405070340,10639573103
2016-06-13,2600911399,10794625551
2016-06-14,2669878673,10660270686
2016-06-15,2817878270,11491342957
2016-06-16,2830298023,11239205859
2016-06-17,2214097637,11684929339
2016-06-18,2091013789,11802180694
2016-06-19,1972654396,11945254502
2016-06-20,2043893309,11134641506
2016-06-21,2368721782,10441216757
2016-06-22,2061440751,9269723957
2016-06-23,2199473273,10228012314
2016-06-24,2231171591,10579635126
2016-06-25,2229667258,10252271992
2016-06-26,2217880988,10146893276
2016-06-27,2234788356,10198889192
2016-06-28,2114063425,9978200989
2016-06-29,2158262576,10057712570
2016-06-30,2165942788,10751828288
2016-07-01,2136369444,10665085088
2016-07-02,2145540768,10890183097
2016-07-03,2181543101,10606367152
2016-07-04,2092984434,10668568224
2016-07-05,2064661303,10643530072
2016-07-06,1920724491,10115830321
2016-07-07,1935036774,10072262214
2016-07-08,2047834361,10369251934
2016-07-09,2050841900,10168424458
2016-07-10,2050557862,10253360952
2016-07-11,2098351650,10194523479
2016-07-12,2250641173,10476459213
2016-07-13,2355149262,10337912563
2016-07-14,2474967546,10450339468
2016-07-15,2427896339,10476237966
2016-07-16,2391603942,10489801365
2016-07-17,2377083414,10710311564
2016-07-18,2375935148,10606229491
2016-07-19,2510741853,10580450794
2016-07-20,2537423175,10462797628
2016-07-21,2566353865,10502456903
2016-07-22,2732483934,10286403809
2016-07-23,2724782751,10321581238
2016-07-24,2479014845,10370001267
2016-07-25,2503436432,10191791789
2016-07-26,2439513757,10316848342
2016-07-27,2456015027,10344751114
2016-07-28,2435422038,10349032541
2016-07-29,2437019144,10352501700
2016-07-30,2400555708,10049382341
2016-07-31,2353101366,9856777652
2016-08-01,2246308921,9534718230
2016-08-02,2123845285,8694610119
2016-08-03,2240943148,9063488661
2016-08-04,2259685963,9017231719
2016-08-05,2304471534,9015506601
2016-08-06,2320316507,9308426277
2016-08-07,2289647595,9293520578
2016-08-08,2309914984,9289301247
2016-08-09,2397421817,9299588739
2016-08-10,2315908373,9377883871
2016-08-11,2312741125,9282714660
2016-08-12,2320632221,9302175906
2016-08-13,2330704287,9206214252
2016-08-14,2295382486,9056359379
2016-08-15,2269581105,8971470214
2016-08-16,2292892869,9134052013
2016-08-17,2276548660,9085923089
2016-08-18,2251359026,9086037395
2016-08-19,2289396685,9106751666
2016-08-20,2278283214,9108821225
2016-08-21,2295099661,9193176008
2016-08-22,2294891476,9319922948
2016-08-23,2240341326,9195427419
2016-08-24,2236264086,9123883901
2016-08-25,2221321007,9138314153
2016-08-26,2216778061,9121364349
2016-08-27,2209643148,9048622974
2016-08-28,2256900708,9108628457
2016-08-29,2285937460,9155436768
2016-08-30,2281825581,9102757370
2016-08-31,2369604528,9105840866
2016-09-01,2327547986,9051761725
2016-09-02,2400369790,9099101180
2016-09-03,2347451917,9478925345
2016-09-04,2606514950,9623762993
2016-09-05,2602837065,9606888637
2016-09-06,2579071090,9655566644
2016-09-07,2575516433,9742541998
2016-09-08,2568669459,9867527328
2016-09-09,2586909715,9873990997
2016-09-10,2626977448,9889595344
2016-09-11,2564830495,9646561446
2016-09-12,2598439103,9647244529
2016-09-13,2583055306,9660593945
2016-09-14,2603571792,9668936854
2016-09-15,2627230378,9655907604
2016-09-16,2655536188,9640060515
2016-09-17,2660977252,9619371007
2016-09-18,2682213285,9673570781
2016-09-19,2718760156,9669067594
2016-09-20,2763941648,9504441220
2016-09-21,2664849392,9492347616
2016-09-22,2679422965,9479924993
2016-09-23,2706352717,9599981279
2016-09-24,2705884231,9576090828
2016-09-25,2703882029,9541960466
2016-09-26,2697699570,9640187168
2016-09-27,2728594868,9612499539
2016-09-28,2736733572,9623191215
2016-09-29,2729734221,9610186650
2016-09-30,2701084219,9732419293
2016-10-01,2677404498,9732396047
2016-10-02,2678214269,9735228509
2016-10-03,2600336069,9704056594
2016-10-04,2688686652,9708431184
2016-10-05,2625117431,9731077869
2016-10-06,2624845908,9753569265
2016-10-07,2537305469,9842885462
2016-10-08,2540739475,9823609325
2016-10-09,2509324688,9842134270
2016-10-10,2526868303,10054928248
2016-10-11,2512643709,10159164786
2016-10-12,2495084603,10162903828
2016-10-13,2504696159,10149697458
2016-10-14,2515314556,10213639989
2016-10-15,2486004425,10198539444
2016-10-16,2478040944,10195063875
2016-10-17,2589702000,10172630705
2016-10-18,2557799973,10159913441
2016-10-19,2526956412,10036834221
2016-10-20,2531317586,10065641133
2016-10-21,2541609228,10134825658
2016-10-22,2546806222,10487806379
2016-10-23,2539553116,10432323772
2016-10-24,2503507852,10488343213
2016-10-25,2495969784,10563385441
2016-10-26,2467923322,10959584915
2016-10-27,2428602747,10908987720
2016-10-28,2378210943,11206623052
2016-10-29,2265940459,11287971481
2016-10-30,2391908308,11161656809
2016-10-31,2325377340,11405361462
2016-11-01,2333254337,11626148140
2016-11-02,2174466217,11843162497
2016-11-03,2159440314,11071945555
2016-11-04,2200142492,11198109032
2016-11-05,2324976354,11383880374
2016-11-06,2200495821,11281886147
2016-11-07,2208263031,11223631461
2016-11-08,2151755496,11783191519
2016-11-09,2166909105,11417196267
2016-11-10,2154858868,11449892641
2016-11-11,2158070039,11409494600
2016-11-12,2140253592,11075570685
2016-11-13,2145965474,11245059201
2016-11-14,2142967941,11378500755
2016-11-15,2159425065,11413686992
2016-11-16,2114578212,12019705141
2016-11-17,2102621712,11891813318
2016-11-18,2059321403,12081474024
2016-11-19,2059173832,12083140421
2016-11-20,2060937579,11751446838
2016-11-21,2092755887,11845529084
2016-11-22,2073792229,11958035808
2016-11-23,2059382876,11872749804
2016-11-24,2003373105,11792687850
2016-11-25,2002577488,11859154942
2016-11-26,2023610469,11768566200
2016-11-27,1977576089,11801582787
2016-11-28,1934090978,11781958159
2016-11-29,1932112041,11906915661
2016-11-30,1947386945,12012199522
2016-12-01,1893349791,12402599228
2016-12-02,1888295000,12260354901
2016-12-03,1887661195,12343747750
2016-12-04,1834266666,12199966828
2016-12-05,1721747070,12190409904
2016-12-06,1808170346,12190170971
2016-12-07,1962698917,12328079465
2016-12-08,1945977734,12377735185
2016-12-09,1945589334,12407922283
2016-12-10,1945089151,12291259144
2016-12-11,1930618266,12396657513
2016-12-12,1942650838,12508787828
2016-12-13,1954316704,12541395645
2016-12-14,1934144124,12508112877
2016-12-15,1918629402,12569149183
2016-12-16,1892979537,12696747084
2016-12-17,1901880616,12694524845
2016-12-18,1919791584,12726337410
2016-12-19,1921806331,12733434200
2016-12-20,1934667680,12984522464
2016-12-21,1918154062,13870988379
2016-12-22,1934507371,14640424163
2016-12-23,1958253045,14735914835
2016-12-24,1944067587,14046038971
2016-12-25,1972781676,14557227033
2016-12-26,1976262948,14695321063
2016-12-27,2001998731,15339377639
2016-12-28,2090189340,15655479754
2016-12-29,2173929348,15315541721
2016-12-30,2129459400,15331933364
2016-12-31,2184837495,15470433267
2017-01-01,2180105614,16285846732
2017-01-02,2268124509,16516765204
2017-01-03,2500927868,17215794090
2017-01-04,2741118891,19080681906
2017-01-05,2482094306,16102132440
2017-01-06,2196564490,13460977927
2017-01-07,2312686154,14982779966
2017-01-08,2321823206,14328094466
2017-01-09,2370293670,14581176639
2017-01-10,2425907959,14746576382
2017-01-11,2119987541,12165451189
2017-01-12,2204302498,12593007185
2017-01-13,2246733517,13228553688
2017-01-14,2263812874,13111892097
2017-01-15,2283014115,13397481669
2017-01-16,2317150299,14232418581
2017-01-17,2370201640,14460007855
2017-01-18,2370200938,14324120263
2017-01-19,2431478591,14447251306
2017-01-20,2447955309,14815873611
2017-01-21,2495029674,15086437610
2017-01-22,2463045490,14881058262
2017-01-23,2458810808,14819388080
2017-01-24,2424909837,14512504718
2017-01-25,2440045133,14563129351
2017-01-26,2476022004,14871434671
2017-01-27,2478290614,14878693933
2017-01-28,2492902031,14885498426
2017-01-29,2510349499,14882586386
2017-01-30,2537086641,15054190663
2017-01-31,2587565030,15839704610
2017-02-01,2591842653,15993221715
2017-02-02,2632861823,16582562829
2017-02-03,2704916826,16573555400
2017-02-04,2695695094,16823972465
2017-02-05,2700426645,16783891010
2017-02-06,2762848945,17104684051
2017-02-07,2778135200,17414654013
2017-02-08,2716756098,17223892168
2017-02-09,2561074440,15683863230
2017-02-10,2641463533,16187297540
2017-02-11,2608330691,16148092614
2017-02-12,2637389410,16182239337
2017-02-13,2693008985,16150725099
2017-02-14,2790160881,16189726416
2017-02-15,2799728334,16403703111
2017-02-16,2812720097,16685570358
2017-02-17,2808988626,17106502761
2017-02-18,2801408779,17090265242
2017-02-19,2769399125,16969174453
2017-02-20,2718035176,17534090709
2017-02-21,2720525404,17864608369
2017-02-22,2760276346,18143568647
2017-02-23,2753662194,18536042298
2017-02-24,2789992240,18889787154
2017-02-25,2836449590,18658959292
2017-02-26,2940549928,18935553036
2017-02-27,3052000197,19072952316
2017-02-28,3125360190,19132402478
2017-03-01,3341328949,19746374069
2017-03-02,3665218760,20398229435
2017-03-03,3689046544,20649507152
2017-03-04,3536830259,20073247575
2017-03-05,3662675134,20606259262
2017-03-06,3668832256,20474988863
2017-03-07,3474620728,19081329446
2017-03-08,3403327757,18983522968
2017-03-09,3517638279,19172644400
2017-03-10,3653245217,19057112624
2017-03-11,4133699202,19110277834
2017-03-12,4571731613,19770931756
2017-03-13,4952983275,19836556179
2017-03-14,5020539710,20211634468
2017-03-15,6304483246,20084163293
2017-03-16,7608536942,18490541394
2017-03-17,6253769417,17580498147
2017-03-18,6287953765,16367632843
2017-03-19,6871369221,16930643009
2017-03-20,6759619418,17677116770
2017-03-21,6761018624,17931987809
2017-03-22,6643069378,16828494570
2017-03-23,6928211072,16492023460
2017-03-24,7542298296,14689267925
2017-03-25,7504309025,15733068468
2017-03-26,7727996546,15951960234
2017-03-27,7484062817,16883526424
2017-03-28,7738100923,16628989286
2017-03-29,7991468528,16907678552
2017-03-30,8210684592,16925915086
2017-03-31,8307069774,17397396369
2017-04-01,8434519630,17479434125
2017-04-02,8817631408,18444351674
2017-04-03,8287415852,18629019580
2017-04-04,8770388012,18357356540
2017-04-05,8519012055,18617553216
2017-04-06,8286879360,19002108050
2017-04-07,8384797662,19112732643
2017-04-08,8536884313,19156378437
2017-04-09,8314873386,19273419116
2017-04-10,8440168328,19332782216
2017-04-11,8423942327,19592847023
2017-04-12,9137326176,19586761157
2017-04-13,9168349225,19174300690
2017-04-14,9048533334,19029302582
2017-04-15,9420570600,19192185034
2017-04-16,9277095567,19190903300
2017-04-17,9383261741,19686594688
2017-04-18,9684695015,19770121220
2017-04-19,9428697234,19701739776
2017-04-20,9469440778,20022972281
2017-04-21,9491427932,19907450873
2017-04-27,12392057297,21604985177
2017-04-28,13440942512,21614217185
2017-04-29,13844523796,21455092113
2017-04-30,15428576980,22334344088
2017-05-01,14834197274,23410293261
2017-05-02,14843073102,23787497034
2017-05-03,16353150768,24512908728
2017-05-04,19314764082,25749166022
2017-05-05,19848149914,25485772689
2017-05-06,20434599885,25819361804
2017-05-07,24114426462,26674257224
2017-05-08,23141030332,28466472303
2017-05-09,24322334599,28413685016
2017-05-10,22536389290,29623597333
2017-05-11,24166240853,29276867576
2017-05-12,24576935716,27579357250
2017-05-13,25475323123,29406535920
2017-05-14,25945124867,28924702377
2017-05-15,28270889432,27860625425
2017-05-16,32885291765,28178142650
2017-05-17,31445206158,30058435173
2017-05-18,34153856021,31374575909
2017-05-19,35501166657,32595690453
2017-05-20,37895696104,33964469429
2017-05-21,41792628166,35263863473
2017-05-22,41740021682,36803520187
2017-05-23,47474300261,38839413440
2017-05-24,41866919965,42136526498
2017-05-25,44691645349,40553602477
2017-05-26,33459326338,33969763029
2017-05-27,38141114109,35510563688
2017-05-28,36060862531,34719871682
2017-05-29,42350852410,37272511738
2017-05-30,41624432183,35646415448
2017-05-31,47191769140,38696092164
2017-06-01,49083289258,39714856689
2017-06-02,48171874837,39770114137
2017-06-03,49362180261,41042953088
2017-06-04,52013101368,41907680117
2017-06-05,53446191266,46287224590
2017-06-06,55180691549,46576879805
2017-06-07,54480720655,45421815896
2017-06-08,56039207627,46290979918
2017-06-09,58421445358,46493661931
2017-06-10,61874515778,47137829467
2017-06-11,65070667094,48962493042
2017-06-12,66497852667,43960417611
2017-06-13,70419919826,45056740475
2017-06-14,63405123770,40596114055
2017-06-15,63922727656,40196994059
2017-06-16,66727719858,41770041596
2017-06-17,69116069179,43325895701
2017-06-18,69330501154,42365276005
2017-06-19,71046830483,43073158947
2017-06-20,68755226807,45333013802
2017-06-21,65777078806,43400922653
2017-06-22,66467410398,44608225763
2017-06-23,69653918199,44999602277
2017-06-24,66243767607,42851106588
2017-06-25,62564532935,42423107167
2017-06-26,56688715394,40850649348
2017-06-27,57505763406,41257316777
2017-06-28,64124894596,42243152927
2017-06-29,60015431019,41475290603
2017-06-30,57511525250,40592704824
2017-07-01,53804065832,39487240982
2017-07-02,57955556065,41145107639
2017-07-03,59707944804,42956837483
2017-07-04,58398907537,41960728293
2017-07-05,58003950785,42639184038
2017-07-06,57391113147,42479463330
2017-07-07,52253418954,41417008056
2017-07-08,54248644107,42285969144
2017-07-09,51463057265,41394447903
2017-07-10,41628174273,38343626628
2017-07-11,42345463085,38295607252
2017-07-12,47814906022,39676682996
2017-07-13,44583800282,38434150360
2017-07-14,40937825023,35188741694
2017-07-15,37158274544,33243994156
2017-07-16,36716872988,32886241225
2017-07-17,40544762657,36108412725
2017-07-18,46491137408,38319547945
2017-07-19,44259845352,38468521943
2017-07-20,48909136225,45330675400
2017-07-21,48252130428,44452397808
2017-07-22,50388133143,45346196618
2017-07-23,48875528612,45131247228
2017-07-24,49073880526,45370885223
2017-07-25,43784726915,41585448911
2017-07-26,44961636701,42487189187
2017-07-27,44522054361,44267671095
2017-07-28,40974128949,44654722780
2017-07-29,43967075474,44790672802
2017-07-30,42466254905,44879547089
2017-07-31,45547304990,47515093461
2017-08-01,53446691275,44918858430
2017-08-02,55672811275,44909454737
2017-08-03,55570350852,45624815164
2017-08-04,55230036471,52023848940
2017-08-05,58420216005,52858249238
2017-08-06,59151624638,53145516940
2017-08-07,63209079238,56883536255
2017-08-08,67722366317,55740019676
2017-08-09,65706131602,55342460056
2017-08-10,67828085557,56971025028
2017-08-11,70381851517,61145388469
2017-08-12,67713731178,66693452187
2017-08-13,69374879207,66580995195
2017-08-14,66956899321,72712565937
2017-08-15,65987513509,66492095619
2017-08-16,69414097735,71592846754
2017-08-17,72246398038,71002236010
2017-08-18,73386088629,67171764548
2017-08-19,76499922358,68561632885
2017-08-20,76622025142,66488449165
2017-08-21,75102211860,63502749023
2017-08-22,82453594328,68026835138
2017-08-23,81960845278,68768384303
2017-08-24,81569102392,71270627844
2017-08-25,82622019490,71671646094
2017-08-26,83675485103,72365562206
2017-08-27,84174768007,70328195047
2017-08-28,87916919648,72350747270
2017-08-29,90124907282,76289040487
2017-08-30,91304900443,76005435505
2017-08-31,94027188572,77367035340
2017-09-01,91004139022,77655959085
2017-09-02,90832431539,77318937612
2017-09-03,85533046140,74455390865
2017-09-04,71288630151,67293542267
2017-09-05,82262842426,73819001823
2017-09-06,84428115720,74999627166
2017-09-07,86896168132,76180357869
2017-09-08,78377538330,70938213405
2017-09-09,71181596213,66394822964
2017-09-10,75730146889,69138983349
2017-09-11,79845370748,71484453091
2017-09-12,72894527802,66761808626
2017-09-13,69668446647,63258837358
2017-09-14,56648876961,52996781890
2017-09-15,64941067182,61789777560
2017-09-16,61209468952,58364418858
2017-09-17,69005212916,62228836816
2017-09-18,69733870334,65317387427
2017-09-19,70130138791,65247124221
2017-09-20,69030580394,64361026376
2017-09-21,65710818373,62095322432
2017-09-22,65458047437,61679535435
2017-09-23,67147285058,61394421140
2017-09-24,68257266912,62824403738
2017-09-25,70037719600,64418861067
2017-09-26,71132665141,65345626449
2017-09-27,75720234001,70270294281
2017-09-28,70167333940,67246885877
2017-09-29,74370964627,70767004774
2017-09-30,74343313176,71681049219
2017-10-01,75432523783,73639026475
2017-10-02,72992974520,71968221680
2017-10-03,73334936312,72040014103
2017-10-04,71314138206,69404614210
2017-10-05,74335625854,72801905745
2017-10-06,74906310937,72380030812
2017-10-07,75513213252,73840812615
2017-10-08,74019584386,75908433598
2017-10-09,72220614205,80394182865
2017-10-10,74188498696,79440183612
2017-10-11,74562604204,81516144022
2017-10-12,76212654445,92533318790
2017-10-13,78816884911,93020666625
2017-10-14,79078668474,95947922359
2017-10-15,79451934413,93494344202
2017-10-16,77606629602,94754939384
2017-10-17,74150664493,89534938958
2017-10-18,74305087227,93268148718
2017-10-19,74023052230,94074293801
2017-10-20,71707459668,1.01132E+11
2017-10-21,71754386358,97563211251
2017-10-22,70180268501,98918020445
2017-10-23,73768176742,96134251132
2017-10-24,72704017370,92282959012
2017-10-25,72517386402,95337517755
2017-10-26,72364578702,97304637648
2017-10-27,72593796504,96460883081
2017-10-28,73419123157,96092266967
2017-10-29,75583507690,1.02076E+11
2017-10-30,75953836522,1.02542E+11
2017-10-31,74869494920,1.07056E+11
2017-11-01,72037592218,1.16496E+11
2017-11-02,76036662599,1.20995E+11
2017-11-03,75079071866,1.19796E+11
2017-11-04,75850677662,1.2451E+11
2017-11-05,75373375206,1.2193E+11
2017-11-06,77186661944,1.20037E+11
2017-11-07,78868327142,1.22675E+11
2017-11-08,81258718460,1.2312E+11
2017-11-09,83997578963,1.20132E+11
2017-11-10,83085701883,1.10876E+11
2017-11-11,1.04328E+11,1.03755E+11
2017-11-12,90495259407,1.04442E+11
2017-11-13,92433153485,1.10435E+11
2017-11-14,95889710326,1.15454E+11
2017-11-15,92672989117,1.23069E+11
2017-11-16,93448537858,1.28017E+11
2017-11-17,96932531009,1.28333E+11
2017-11-18,1.00186E+11,1.28886E+11
2017-11-19,1.00637E+11,1.33763E+11
2017-11-20,1.0042E+11,1.34171E+11
2017-11-21,1.02622E+11,1.36994E+11
2017-11-22,1.10833E+11,1.37261E+11
2017-11-23,1.14408E+11,1.36645E+11
2017-11-24,1.22814E+11,1.39212E+11
2017-11-25,1.29013E+11,1.50324E+11
2017-11-26,1.36961E+11,1.62926E+11
2017-11-27,1.37654E+11,1.66314E+11
2017-11-28,1.40041E+11,1.78006E+11
2017-11-29,1.27709E+11,1.71572E+11
2017-11-30,1.24788E+11,1.63037E+11
2017-12-01,1.39147E+11,1.85338E+11
2017-12-02,1.42414E+11,1.87817E+11
2017-12-03,1.46594E+11,1.93484E+11
2017-12-04,1.49179E+11,1.97254E+11
2017-12-05,1.53884E+11,2.13632E+11
2017-12-06,1.44725E+11,2.46893E+11
2017-12-07,1.46538E+11,2.80644E+11
2017-12-08,1.62444E+11,2.67391E+11
2017-12-09,1.41674E+11,2.28308E+11
2017-12-10,1.55936E+11,2.82102E+11
2017-12-11,1.71429E+11,2.83448E+11
2017-12-12,2.0005E+11,2.842E+11
2017-12-13,2.28248E+11,2.75065E+11
2017-12-14,2.25127E+11,2.90505E+11
2017-12-15,2.33619E+11,3.02074E+11
2017-12-16,2.54765E+11,3.30947E+11
2017-12-17,2.56915E+11,3.20062E+11
2017-12-18,3.07347E+11,3.19142E+11
2017-12-19,3.08687E+11,2.83516E+11
2017-12-20,3.42212E+11,2.87418E+11
2017-12-21,2.46784E+11,2.19154E+11
2017-12-22,2.96518E+11,2.42017E+11
2017-12-23,2.95263E+11,2.40866E+11
2017-12-24,2.96542E+11,2.34306E+11
2017-12-25,3.12019E+11,2.58367E+11
2017-12-26,3.24033E+11,2.78717E+11
2017-12-27,3.00012E+11,2.43805E+11
2017-12-28,3.14668E+11,2.49739E+11
2017-12-29,3.62784E+11,2.32405E+11
2017-12-30,3.35778E+11,2.19331E+11
2017-12-31,3.62138E+11,2.35716E+11
2018-01-01,3.82381E+11,2.26145E+11
2018-01-02,4.23929E+11,2.60894E+11
2018-01-03,4.87049E+11,2.51512E+11
2018-01-04,4.84464E+11,2.59201E+11
2018-01-05,4.76975E+11,2.84493E+11
2018-01-06,5.0868E+11,2.84822E+11
2018-01-07,4.81422E+11,2.70726E+11
2018-01-08,4.64592E+11,2.55411E+11
2018-01-09,4.34929E+11,2.40912E+11
2018-01-10,4.15272E+11,2.30426E+11
2018-01-11,4.393E+11,2.34075E+11
2018-01-12,4.72141E+11,2.42973E+11
2018-01-13,4.54293E+11,2.34672E+11
2018-01-14,4.48266E+11,2.33378E+11
2018-01-15,3.98514E+11,2.23492E+11
2018-01-16,3.28552E+11,1.93373E+11
2018-01-17,3.2651E+11,1.93373E+11
2018-01-18,4.79931E+11,1.94186E+11
2018-01-19,3.73636E+11,2.13509E+11
2018-01-20,3.47974E+11,2.02031E+11
2018-01-21,3.45852E+11,1.97279E+11
2018-01-22,3.07236E+11,1.75041E+11
2018-01-23,3.26742E+11,1.85588E+11
2018-01-24,3.47128E+11,1.93594E+11
2018-01-25,3.32636E+11,1.90039E+11
2018-01-26,3.33119E+11,1.89011E+11
2018-01-27,3.61881E+11,2.02062E+11
2018-01-28,3.56108E+11,1.90983E+11
2018-01-29,3.45289E+11,1.8612E+11
2018-01-30,3.17577E+11,1.72437E+11
2018-01-31,3.22489E+11,1.71296E+11
2018-02-01,2.44638E+11,1.44601E+11
2018-02-02,2.49613E+11,1.4577E+11
2018-02-03,2.75254E+11,1.55443E+11
2018-02-04,2.33141E+11,1.35936E+11
2018-02-05,1.65309E+11,1.02687E+11
2018-02-06,2.14801E+11,1.25621E+11
2018-02-07,2.29527E+11,1.36475E+11
2018-02-08,2.36481E+11,1.35833E+11
2018-02-09,2.85897E+11,1.52791E+11
2018-02-10,2.40204E+11,1.36599E+11
2018-02-11,2.58354E+11,1.44163E+11
2018-02-12,2.58881E+11,1.4799E+11
2018-02-13,2.64304E+11,1.49993E+11
2018-02-14,2.87262E+11,1.64765E+11
2018-02-15,2.84707E+11,1.67572E+11
2018-02-16,2.99696E+11,1.81481E+11
2018-02-17,2.92234E+11,1.79898E+11
2018-02-18,2.93894E+11,1.83785E+11
2018-02-19,2.9855E+11,1.97082E+11
2018-02-20,2.75875E+11,1.9012E+11
2018-02-21,2.64648E+11,1.82689E+11
2018-02-22,2.49535E+11,1.68518E+11
2018-02-23,2.54644E+11,1.71484E+11
2018-02-24,2.52534E+11,1.67294E+11
2018-02-25,2.47002E+11,1.61175E+11
2018-02-26,2.60459E+11,1.75646E+11
2018-02-27,2.58339E+11,1.83005E+11
2018-02-28,2.50999E+11,1.78473E+11
2018-03-01,2.54883E+11,1.87317E+11
2018-03-02,2.52685E+11,1.92414E+11
2018-03-03,2.46294E+11,1.88565E+11
2018-03-04,2.59743E+11,1.95264E+11
2018-03-05,2.50637E+11,1.91282E+11
2018-03-06,2.29976E+11,1.77675E+11
2018-03-07,2.2108E+11,1.69536E+11
2018-03-08,1.96455E+11,1.50428E+11
2018-03-09,2.58774E+11,1.60093E+11
2018-03-10,2.00464E+11,1.49587E+11
2018-03-11,2.1258E+11,1.63735E+11
2018-03-12,2.07398E+11,1.59207E+11
2018-03-13,2.03545E+11,1.55499E+11
2018-03-14,1.67398E+11,1.3292E+11
2018-03-15,1.775E+11,1.39605E+11
2018-03-16,1.75027E+11,1.38667E+11
2018-03-17,1.54008E+11,1.3066E+11
2018-03-18,1.65378E+11,1.40643E+11
2018-03-19,1.73421E+11,1.44986E+11
2018-03-20,1.85954E+11,1.54119E+11
2018-03-21,1.8349E+11,1.53126E+11
2018-03-22,1.67913E+11,1.43094E+11
2018-03-23,1.77125E+11,1.51137E+11
2018-03-24,1.71418E+11,1.45743E+11
2018-03-25,1.71508E+11,1.43929E+11
2018-03-26,1.56037E+11,1.35829E+11
2018-03-27,1.53802E+11,1.3428E+11
2018-03-28,1.44721E+11,1.29555E+11
2018-03-29,1.36489E+11,1.21157E+11
2018-03-30,1.34796E+11,1.17738E+11
2018-03-31,1.32342E+11,1.16695E+11
2018-04-01,1.30469E+11,1.18017E+11
2018-04-02,1.38741E+11,1.25239E+11
2018-04-03,1.41462E+11,1.25678E+11
2018-04-04,1.312E+11,1.16249E+11
2018-04-05,1.26544E+11,1.11996E+11
2018-04-06,1.31259E+11,1.16733E+11
2018-04-07,1.32521E+11,1.18101E+11
2018-04-08,1.38199E+11,1.20732E+11
2018-04-09,1.34037E+11,1.1464E+11
2018-04-10,1.37547E+11,1.1597E+11
2018-04-11,1.45245E+11,1.18178E+11
2018-04-12,1.6579E+11,1.32526E+11
2018-04-13,1.68693E+11,1.35763E+11
2018-04-14,1.72228E+11,1.37425E+11
2018-04-15,1.72598E+11,1.37041E+11
2018-04-16,1.75268E+11,1.36229E+11
2018-04-17,1.77551E+11,1.34987E+11
2018-04-18,1.91216E+11,1.39355E+11
2018-04-19,2.03267E+11,1.40947E+11
2018-04-20,2.21243E+11,1.51389E+11
2018-04-21,2.16135E+11,1.50705E+11
2018-04-22,2.24928E+11,1.50526E+11
2018-04-23,2.41768E+11,1.5713E+11
2018-04-24,2.36174E+11,1.60949E+11
2018-04-25,2.24744E+11,1.51181E+11
2018-04-26,2.36724E+11,1.57217E+11
2018-04-27,2.40663E+11,1.56075E+11
2018-04-28,2.56297E+11,1.60668E+11
2018-04-29,2.49979E+11,1.58221E+11
2018-04-30,2.37118E+11,1.52816E+11
2018-05-01,2.48024E+11,1.55031E+11
2018-05-02,2.56529E+11,1.5674E+11
2018-05-03,2.65452E+11,1.63742E+11
2018-05-04,2.73299E+11,1.66822E+11
2018-05-05,2.64562E+11,1.63578E+11
2018-05-06,2.55601E+11,1.59548E+11
2018-05-07,2.61185E+11,1.5942E+11
2018-05-08,2.46015E+11,1.5468E+11
2018-05-09,2.53908E+11,1.58724E+11
2018-05-10,2.40798E+11,1.53165E+11
2018-05-11,2.08456E+11,1.40535E+11
2018-05-12,2.24057E+11,1.43862E+11
2018-05-13,2.2868E+11,1.43806E+11
2018-05-14,2.38384E+11,1.49476E+11
2018-05-15,2.16847E+11,1.40505E+11
2018-05-16,2.24925E+11,1.42732E+11
2018-05-17,2.10908E+11,1.37199E+11
2018-05-18,2.15464E+11,1.40652E+11
2018-05-19,2.18644E+11,1.41061E+11
2018-05-20,2.2448E+11,1.44897E+11
2018-05-21,2.16152E+11,1.42483E+11
2018-05-22,2.00743E+11,1.35959E+11
2018-05-23,1.90074E+11,1.31376E+11
2018-05-24,1.94391E+11,1.30229E+11
2018-05-25,1.8716E+11,1.27198E+11
2018-05-26,1.8419E+11,1.24979E+11
2018-05-27,1.74341E+11,1.22987E+11
2018-05-28,1.67907E+11,1.21685E+11
2018-05-29,1.8556E+11,1.28777E+11
2018-05-30,1.86301E+11,1.28843E+11
2018-05-31,1.8746E+11,1.2897E+11
2018-06-01,1.87895E+11,1.28146E+11
2018-06-02,1.96823E+11,1.30702E+11
2018-06-03,1.97527E+11,1.30962E+11
2018-06-04,1.90875E+11,1.27212E+11
2018-06-05,1.97502E+11,1.30471E+11
2018-06-06,1.98806E+11,1.31655E+11
2018-06-07,1.95412E+11,1.30584E+11
2018-06-08,1.97423E+11,1.31262E+11
2018-06-09,1.84729E+11,1.25262E+11
2018-06-10,1.6849E+11,1.16051E+11
2018-06-11,1.69933E+11,1.17641E+11
2018-06-12,1.57143E+11,1.1278E+11
2018-06-13,1.55292E+11,1.11289E+11
2018-06-14,1.59098E+11,1.13184E+11
2018-06-15,1.55349E+11,1.1127E+11
2018-06-16,1.56295E+11,1.12222E+11
2018-06-17,1.53197E+11,1.109E+11
2018-06-18,1.5851E+11,1.1515E+11
2018-06-19,1.56835E+11,1.13534E+11
2018-06-20,1.61436E+11,1.15716E+11
2018-06-21,1.54932E+11,1.14013E+11
2018-06-22,1.37358E+11,1.03888E+11
2018-06-23,1.2822E+11,1.00324E+11
2018-06-24,1.35671E+11,1.05791E+11
2018-06-25,1.37338E+11,1.07262E+11
2018-06-26,1.30176E+11,1.04433E+11
2018-06-27,1.30832E+11,1.04887E+11
2018-06-28,1.24951E+11,1.0122E+11
2018-06-29,1.35928E+11,1.09761E+11
2018-06-30,1.35937E+11,1.09431E+11
2018-07-01,1.34898E+11,1.08261E+11
2018-07-02,1.48319E+11,1.13745E+11
2018-07-03,1.41476E+11,1.11523E+11
2018-07-04,1.4734E+11,1.14257E+11
2018-07-05,1.40531E+11,1.12659E+11
2018-07-06,1.42605E+11,1.13672E+11
2018-07-07,1.48302E+11,1.17005E+11
2018-07-08,1.45328E+11,1.16072E+11
2018-07-09,1.3767E+11,1.14739E+11
2018-07-10,1.29155E+11,1.08598E+11
2018-07-11,1.29718E+11,1.07321E+11
2018-07-12,1.31125E+11,1.07231E+11
2018-07-13,1.30388E+11,1.07109E+11
2018-07-14,1.31936E+11,1.07993E+11
2018-07-15,1.35349E+11,1.09513E+11
2018-07-16,1.43094E+11,1.14871E+11
2018-07-17,1.56678E+11,1.27859E+11
2018-07-18,1.49473E+11,1.26111E+11
2018-07-19,1.43057E+11,1.27474E+11
2018-07-20,1.40882E+11,1.25975E+11
2018-07-21,1.42192E+11,1.26928E+11
2018-07-22,1.45381E+11,1.31376E+11
2018-07-23,1.44465E+11,1.36822E+11
2018-07-24,1.46716E+11,1.41905E+11
2018-07-25,1.482E+11,1.40945E+11
2018-07-26,1.42679E+11,1.35983E+11
2018-07-27,1.44772E+11,1.40512E+11
2018-07-28,1.44506E+11,1.40982E+11
2018-07-29,1.42967E+11,1.40099E+11
2018-07-30,1.38743E+11,1.40066E+11
2018-07-31,1.30446E+11,1.30199E+11
2018-08-01,1.31312E+11,1.30268E+11
2018-08-02,1.2604E+11,1.26853E+11
2018-08-03,1.22206E+11,1.23437E+11
2018-08-04,1.18372E+11,1.20022E+11
2018-08-05,1.14538E+11,1.16606E+11
2018-08-06,1.10704E+11,1.13191E+11
2018-08-07,1.22102E+11,1.12946E+11
2018-08-08,1.08075E+11,1.09775E+11
2018-08-09,1.0755E+11,1.11235E+11
2018-08-10,96032180197,1.05396E+11
2018-08-11,98928125829,1.09312E+11
2018-08-12,97761375948,1.11026E+11
2018-08-13,82112823081,1.03562E+11
2018-08-14,87914657163,1.09027E+11
2018-08-15,87648099913,1.08806E+11
2018-08-16,93321510162,1.11735E+11
2018-08-17,99213867456,1.12628E+11
2018-08-18,95281843929,1.10558E+11
2018-08-19,97301585965,1.11802E+11
2018-08-20,91426630852,1.10131E+11
2018-08-21,96072884960,1.15381E+11
2018-08-22,89859290579,1.11232E+11
2018-08-23,91353928039,1.12426E+11
2018-08-24,92816832300,1.16027E+11
2018-08-25,90931218046,1.14272E+11
2018-08-26,94351258243,1.15947E+11
2018-08-27,98079314396,1.19269E+11
2018-08-28,1.00992E+11,1.2185E+11
2018-08-29,98062092301,1.20849E+11
2018-08-30,98151357776,1.20621E+11
2018-08-31,1.01231E+11,1.21486E+11
2018-09-01,1.05115E+11,1.25241E+11
2018-09-02,1.02437E+11,1.24824E+11
2018-09-03,1.02725E+11,1.25768E+11
2018-09-04,1.03222E+11,1.27045E+11
2018-09-05,84522474254,1.114E+11
2018-09-06,87586503703,1.12861E+11
2018-09-07,84904161961,1.12228E+11
2018-09-08,78300880012,1.07453E+11
2018-09-09,80287162964,1.09052E+11
2018-09-10,79531599776,1.10013E+11
2018-09-11,73759258837,1.08873E+11
2018-09-12,76814195696,1.10704E+11
2018-09-13,83036431709,1.13346E+11
2018-09-14,81838772715,1.12269E+11
2018-09-15,81451567642,1.1205E+11
2018-09-16,83137637288,1.12045E+11
2018-09-17,77527446497,1.08761E+11
2018-09-18,82788417513,1.09919E+11
2018-09-19,82351005613,1.10823E+11
2018-09-20,92495402641,1.13081E+11
2018-09-21,1.01256E+11,1.15981E+11
2018-09-22,1.02017E+11,1.16129E+11
2018-09-23,1.00976E+11,1.15642E+11
2018-09-24,90869629703,1.11903E+11
2018-09-25,92919154922,1.11517E+11
2018-09-26,95277345346,1.12159E+11
2018-09-27,1.00794E+11,1.16548E+11
2018-09-28,95913903277,1.12781E+11
2018-09-29,1.0082E+11,1.13749E+11
2018-09-30,1.00891E+11,1.14321E+11
2018-10-01,1.00493E+11,1.14252E+11
2018-10-02,95691433250,1.11936E+11
2018-10-03,97934126301,1.13936E+11
2018-10-04,96880034829,1.13932E+11
2018-10-05,98160062447,1.14491E+11
2018-10-06,95172294293,1.13977E+11
2018-10-07,96302367248,1.14022E+11
2018-10-08,97499955630,1.14968E+11
2018-10-09,95262627474,1.13465E+11
2018-10-10,85356426229,1.08826E+11
2018-10-11,85284772052,1.09282E+11
2018-10-12,85708172125,1.08883E+11
2018-10-13,86463898751,1.09581E+11
2018-10-14,90821442638,1.16267E+11
2018-10-15,90415022738,1.15618E+11
2018-10-16,90279170612,1.14151E+11
2018-10-17,90600767520,1.13618E+11
2018-10-18,87354404350,1.11898E+11
2018-10-19,88723000819,1.11979E+11
2018-10-20,89834001115,1.1301E+11
2018-10-21,88995841246,1.12718E+11
2018-10-22,88775293860,1.12274E+11
2018-10-23,89799313311,1.12992E+11
2018-10-24,88378707458,1.12365E+11
2018-10-25,88471734219,1.12239E+11
2018-10-26,88615375650,1.12565E+11
2018-10-27,88481713584,1.12679E+11
2018-10-28,88473253888,1.12504E+11
2018-10-29,85485986857,1.1013E+11
2018-10-30,85079392152,1.09967E+11
2018-10-31,87065161495,1.11498E+11
2018-11-01,86815397368,1.10677E+11
2018-11-02,88003844669,1.10866E+11
2018-11-03,89520826415,1.10674E+11
2018-11-04,91814596711,1.11791E+11
2018-11-05,94299539073,1.11309E+11
2018-11-06,97505427300,1.1328E+11
2018-11-07,95103473923,1.12481E+11
2018-11-08,94358023096,1.11705E+11
2018-11-09,92819557491,1.11071E+11
2018-11-10,93282197225,1.11255E+11
2018-11-11,92169363340,1.11175E+11
2018-11-12,92518050459,1.10578E+11
2018-11-13,91228551249,1.10322E+11
2018-11-14,80925428102,98595613879
2018-11-15,80884475493,97218847517
2018-11-16,78832239373,96291431150
2018-11-17,81750978394,97536062059
2018-11-18,76493427294,94556682718
2018-11-19,66565998322,81390398556
2018-11-20,63429511314,78548454968
2018-11-21,64742331421,79440729477
2018-11-22,60012387851,75090919696
2018-11-23,59363477408,75139794255
2018-11-24,51534972774,65487236552
2018-11-25,56016319283,71067794318
2018-11-26,53788320429,65648438715
2018-11-27,56965686994,70561127630
2018-11-28,58646369842,72906060694
2018-11-29,57870378033,73311741866
2018-11-30,55233781033,69282997087
2018-12-01,57871806222,72781698131
2018-12-02,55442982712,69699267061
2018-12-03,54792994112,69623765355
2018-12-04,53089059473,67860088407
2018-12-05,51133355063,67127189973
2018-12-06,44844138122,59743366159
2018-12-07,46474166122,60444074644
2018-12-08,46428083183,61201602493
2018-12-09,46569551068,62136890758
2018-12-10,45530811070,60585870295
2018-12-11,45326897479,60202306610
2018-12-12,44818454615,59526882105
2018-12-13,43500634225,57865893568
2018-12-14,42112930675,56623071244
2018-12-15,43173261097,57263907884
2018-12-16,43026128499,57250987564
2018-12-17,48001563954,61824684702
2018-12-18,51751535318,65264614733
2018-12-19,51967247740,65986148971
2018-12-20,56200549769,70161912309
2018-12-21,54659654094,67634961808
2018-12-22,58693720303,70087650441
2018-12-23,65722651188,73820924946
2018-12-24,57952368381,66939727693
2018-12-25,58063584919,66614589801
2018-12-26,56265286432,66128731482
2018-12-27,53239450622,63910146401
2018-12-28,59174616438,68622554884
2018-12-29,57555741649,66888720864
2018-12-30,57488527994,66736035242
2018-12-31,56512118984,65462803619
2019-01-01,58430528868,66832933520
2019-01-02,60437288349,68063148223
2019-01-03,60257197704,67373913435
2019-01-04,60247738267,67959332003
2019-01-05,59366921249,66859543603
2019-01-06,62102119220,71067602294
2019-01-07,60307411191,70102409142
2019-01-08,61622134479,70950079454
2019-01-09,58326619838,67298496430
2019-01-10,54487853685,64303312337
2019-01-11,54125686163,64206948034
2019-01-12,53918986261,63978540254
2019-01-13,52246356642,62857490935
2019-01-14,54567298687,64704050204
2019-01-15,53041603284,63516164302
2019-01-16,53421898473,63583379570
2019-01-17,53806557178,64083009645
2019-01-18,53431711644,64098068680
2019-01-19,54364202226,65226980584
2019-01-20,52102866547,62717168926
2019-01-21,51987836916,62313206929
2019-01-22,52768208056,62951726595
2019-01-23,52296823161,62561254414
2019-01-24,52680464977,63041397510
2019-01-25,52912494753,63763398616
2019-01-26,52344902748,62911403097
2019-01-27,49352762244,61111191081
2019-01-28,47659875336,59725801630
2019-01-29,48367876751,60540046449
2019-01-30,50830455350,61298721064
2019-01-31,48185559745,60108705398
2019-02-01,48994824809,60839558981
2019-02-02,49523535131,60988447447
2019-02-03,48820555270,60678836088
2019-02-04,48813470796,60596162492
2019-02-05,47621895895,60052269313
2019-02-06,47982761860,59814004194
2019-02-07,48033693018,59690226113
2019-02-08,52681344273,64254674633
2019-02-09,51782253702,63932730515
2019-02-10,52760810566,64088760911
2019-02-11,52530455536,63777439903
2019-02-12,53482497658,64021891936
2019-02-13,52522201000,63434199115
2019-02-14,52694519864,63578234490
2019-02-15,52872744342,63734226628
2019-02-16,53099803039,63882048013
2019-02-17,55703591489,65768481726
2019-02-18,59836554176,69097805809
2019-02-19,59316814572,69398327670
2019-02-20,60410911105,70053530148
2019-02-21,59149173682,69517183376
2019-02-22,59824489131,69901379297
2019-02-23,64514815569,73423373390
2019-02-24,56697626761,67245339375
2019-02-25,57665319566,67482093464
2019-02-26,57741731801,67662764303
2019-02-27,57511951871,68032510429
2019-02-28,57674488574,67727048202
2019-03-01,57573060394,67787529450
2019-03-02,57646502080,67946270367
2019-03-03,55510257269,66478895026
2019-03-04,55658910768,66225494873
2019-03-05,58775823045,68375996641
2019-03-06,59588501239,68866562485
2019-03-07,59216181987,68987888003
2019-03-08,59998414752,69345080202
2019-03-09,59569411777,69182829209
2019-03-10,59502192425,69136900880
2019-03-11,58416777318,68196031002
2019-03-12,60014082062,68732828956
2019-03-13,60267709926,68743463353
2019-03-14,61108423740,69139223032
2019-03-15,63800162947,71316663715
2019-03-16,62872547962,70710822123
2019-03-17,62923202145,70696623463
2019-03-18,63142456889,71023091249
2019-03-19,63031432058,71167794761
2019-03-20,63863684430,71738809066
2019-03-21,62554544276,70943770098
2019-03-22,63937503695,71137160671
2019-03-23,63494523789,70798250798
2019-03-24,63433413274,71000924331
2019-03-25,62196721934,69743896041
2019-03-26,63955297768,71228956011
2019-03-27,64927583237,71774640753
2019-03-28,64358558161,71091237000
2019-03-29,65210056923,71926666451
2019-03-30,65256013206,72232457200
2019-03-31,66371529326,72808006969
2019-04-01,70532770035,81637126770
2019-04-02,77907850179,87056553080
2019-04-03,79481685534,89050290483
2019-04-04,79694012526,87845841117
2019-04-05,79875046153,88526342184
2019-04-06,81210162940,90617140835
2019-04-07,82941802495,93035737013
2019-04-08,80648123947,92219835160
2019-04-09,82360680213,92685254516
2019-04-10,78759875802,92070856527
2019-04-11,74993369813,88779037923
2019-04-12,76649197081,90292813423
2019-04-13,75297619984,89249362631
2019-04-14,78116806815,91421295506
2019-04-15,75765317154,89875507721
2019-04-16,77360872934,92430769324
2019-04-17,79465439097,93351159995
2019-04-18,78755927482,92867814335
2019-04-19,80170614394,94378473673
2019-04-20,78820782071,94206730678
2019-04-21,77032092780,93471788128
2019-04-22,78892989261,97935125899
2019-04-23,76583203401,99553111766
2019-04-24,73258163545,96031458602
2019-04-25,70653482584,93137778431
2019-04-26,71584757877,93112024324
2019-04-27,71939930795,93307714860
2019-04-28,71608173120,93752790457
2019-04-29,69936123249,92533736059
2019-04-30,74052522268,95193993669
2019-05-01,73360615039,95519827144
2019-05-02,74975079220,99932097920
2019-05-03,75625871102,1.02411E+11
2019-05-04,75162068921,1.02634E+11
2019-05-05,72771749066,1.00737E+11
2019-05-06,76655940701,1.04964E+11
2019-05-07,74612841164,1.04289E+11
2019-05-08,74281608658,1.07851E+11
2019-05-09,74419496537,1.11246E+11
2019-05-10,76197267045,1.21494E+11
2019-05-11,83882978905,1.30253E+11
2019-05-12,81404124501,1.24981E+11
2019-05-13,90285765906,1.41849E+11
2019-05-14,96257603810,1.42092E+11
2019-05-15,1.05581E+11,1.4281E+11
2019-05-16,92894773311,1.29109E+11
2019-05-17,94927041582,1.3134E+11
2019-05-18,98670072819,1.40195E+11
2019-05-19,98868457715,1.40879E+11
2019-05-20,98520910405,1.40044E+11
2019-05-21,1.01792E+11,1.40688E+11
2019-05-22,94488757945,1.3509E+11
2019-05-23,97264382083,1.39237E+11
2019-05-24,1.00595E+11,1.41623E+11
2019-05-25,99175981890,1.41454E+11
2019-05-26,1.07214E+11,1.54689E+11
2019-05-27,1.09014E+11,1.54574E+11
2019-05-28,1.07723E+11,1.51165E+11
2019-05-29,1.16982E+11,1.54727E+11
2019-05-30,1.06827E+11,1.47183E+11
2019-05-31,1.11676E+11,1.51084E+11
2019-06-01,1.12033E+11,1.52267E+11
2019-06-02,1.12047E+11,1.51902E+11
2019-06-03,1.03216E+11,1.40429E+11
2019-06-04,1.01651E+11,1.37573E+11
2019-06-05,1.03135E+11,1.38937E+11
2019-06-06,1.0519E+11,1.40568E+11
2019-06-07,1.05865E+11,1.41324E+11
2019-06-08,1.03969E+11,1.40248E+11
2019-06-09,1.02036E+11,1.37554E+11
2019-06-10,1.04683E+11,1.41139E+11
2019-06-11,1.059E+11,1.41572E+11
2019-06-12,1.08945E+11,1.43907E+11
2019-06-13,1.08169E+11,1.45903E+11
2019-06-14,1.10752E+11,1.54364E+11
2019-06-15,1.13883E+11,1.64248E+11
2019-06-16,1.13309E+11,1.62526E+11
2019-06-17,1.13857E+11,1.63108E+11
2019-06-18,1.15461E+11,1.6309E+11
2019-06-19,1.14908E+11,1.65127E+11
2019-06-20,1.17459E+11,1.7206E+11
2019-06-21,1.22747E+11,1.90824E+11
2019-06-22,1.2719E+11,1.91365E+11
2019-06-23,1.23739E+11,1.91416E+11
2019-06-24,1.26097E+11,2.01744E+11
2019-06-25,1.29862E+11,2.26225E+11
2019-06-26,1.21584E+11,2.20058E+11
2019-06-27,1.14014E+11,2.02407E+11
2019-06-28,1.16146E+11,2.08795E+11
2019-06-29,1.21209E+11,2.12759E+11
2019-06-30,1.14244E+11,1.95719E+11
2019-07-01,1.08194E+11,1.75186E+11
2019-07-02,1.15379E+11,2.04278E+11
2019-07-03,1.1474E+11,2.09592E+11
2019-07-04,1.11766E+11,1.98173E+11
2019-07-05,1.13304E+11,2.03713E+11
2019-07-06,1.12787E+11,1.99754E+11
2019-07-07,1.15706E+11,2.03767E+11
2019-07-08,1.18316E+11,2.25985E+11
2019-07-09,1.15443E+11,2.3041E+11
2019-07-10,1.00962E+11,2.04796E+11
2019-07-11,1.00719E+11,2.02983E+11
2019-07-12,1.0269E+11,2.0754E+11
2019-07-13,1.00576E+11,2.01097E+11
2019-07-14,87479154065,1.81637E+11
2019-07-15,89669042218,1.91914E+11
2019-07-16,81044295186,1.70462E+11
2019-07-17,87439091288,1.77331E+11
2019-07-18,90493720550,1.87433E+11
2019-07-19,93272181839,1.89249E+11
2019-07-20,94123791599,1.89814E+11
2019-07-21,94049575405,1.8928E+11
2019-07-22,89262973009,1.79315E+11
2019-07-23,86743231278,1.7346E+11
2019-07-24,91080514591,1.79793E+11
2019-07-25,88482125915,1.73747E+11
2019-07-26,91684737067,1.80145E+11
2019-07-27,87314125276,1.69935E+11
2019-07-28,87648357208,1.71391E+11
2019-07-29,86580746235,1.69637E+11
2019-07-30,88883039673,1.74218E+11
2019-07-31,88524085936,1.77228E+11
2019-08-01,90014701025,1.86726E+11
2019-08-02,90638561591,1.92806E+11
2019-08-03,89095832280,1.90884E+11
2019-08-04,92174607770,2.06937E+11
2019-08-05,92568335478,2.12673E+11
2019-08-06,89819821414,2.07923E+11
2019-08-07,89066094205,2.11078E+11
2019-08-08,87794058731,2.11052E+11
2019-08-09,85932149016,2.11478E+11
2019-08-10,85988094201,2.03494E+11
2019-08-11,86999886001,2.03762E+11
2019-08-12,85801600062,2.03193E+11
2019-08-13,85056615315,1.89835E+11
2019-08-14,74917796185,1.72969E+11
2019-08-15,76736421916,1.78897E+11
2019-08-16,78175664053,1.85701E+11
2019-08-17,77450995716,1.82111E+11
2019-08-18,80879120680,1.8637E+11
2019-08-19,81353351070,1.9278E+11
2019-08-20,77623928087,1.82765E+11
2019-08-21,76436525611,1.79344E+11
2019-08-22,78878031395,1.82205E+11
2019-08-23,79281558465,1.85047E+11
2019-08-24,78482960578,1.80535E+11
2019-08-25,78771459561,1.85414E+11
2019-08-26,77071011435,1.82629E+11
2019-08-27,77274019406,1.8253E+11
2019-08-28,72287887406,1.71611E+11
2019-08-29,71602496464,1.70502E+11
2019-08-30,72130522714,1.72138E+11
2019-08-31,72381233158,1.72717E+11
2019-09-01,72127427124,1.74944E+11
2019-09-02,74093651769,1.85647E+11
2019-09-03,74416695191,1.89786E+11
2019-09-04,73455307062,1.89309E+11
2019-09-05,73433544244,1.91933E+11
2019-09-06,71742628757,1.86094E+11
2019-09-07,75618058087,1.89413E+11
2019-09-08,74376331890,1.85055E+11
2019-09-09,75364285172,1.84383E+11
2019-09-10,73925972403,1.80226E+11
2019-09-11,73155469470,1.81357E+11
2019-09-12,73841556538,1.85533E+11
2019-09-13,73810866250,1.85175E+11
2019-09-14,75813893166,1.85421E+11
2019-09-15,76904725128,1.85622E+11
2019-09-16,77157330433,1.83915E+11
2019-09-17,82951892277,1.84014E+11
2019-09-18,80183992147,1.77455E+11
2019-09-19,82686816540,1.8319E+11
2019-09-20,82320848726,1.81261E+11
2019-09-21,79893166440,1.7874E+11
2019-09-22,78641473342,1.78486E+11
2019-09-23,76595008140,1.7599E+11
2019-09-24,65477360803,1.53312E+11
2019-09-25,66315901012,1.52108E+11
2019-09-26,64101642737,1.44595E+11
2019-09-27,65996566151,1.47407E+11
2019-09-28,65620747898,1.4696E+11
2019-09-29,64035152734,1.41231E+11
2019-09-30,68412483960,1.5136E+11
2019-10-01,66483946616,1.48123E+11
2019-10-02,67379295150,1.49806E+11
2019-10-03,66512667494,1.46932E+11
2019-10-04,67521785456,1.47442E+11